Date,Date_Key,Year,Quarter,Month_Number,Month,Month_Short,Year_Month,Year_Month_Sort,Week,Day,Day_Name,Is_Month_End
2024-01-01,20240101,2024,Q1,1,January,Jan,2024-01,202401,1,1,Monday,0
2024-01-02,20240102,2024,Q1,1,January,Jan,2024-01,202401,1,2,Tuesday,0
2024-01-03,20240103,2024,Q1,1,January,Jan,2024-01,202401,1,3,Wednesday,0
2024-01-04,20240104,2024,Q1,1,January,Jan,2024-01,202401,1,4,Thursday,0
2024-01-05,20240105,2024,Q1,1,January,Jan,2024-01,202401,1,5,Friday,0
2024-01-06,20240106,2024,Q1,1,January,Jan,2024-01,202401,1,6,Saturday,0
2024-01-07,20240107,2024,Q1,1,January,Jan,2024-01,202401,1,7,Sunday,0
2024-01-08,20240108,2024,Q1,1,January,Jan,2024-01,202401,2,8,Monday,0
2024-01-09,20240109,2024,Q1,1,January,Jan,2024-01,202401,2,9,Tuesday,0
2024-01-10,20240110,2024,Q1,1,January,Jan,2024-01,202401,2,10,Wednesday,0
2024-01-11,20240111,2024,Q1,1,January,Jan,2024-01,202401,2,11,Thursday,0
2024-01-12,20240112,2024,Q1,1,January,Jan,2024-01,202401,2,12,Friday,0
2024-01-13,20240113,2024,Q1,1,January,Jan,2024-01,202401,2,13,Saturday,0
2024-01-14,20240114,2024,Q1,1,January,Jan,2024-01,202401,2,14,Sunday,0
2024-01-15,20240115,2024,Q1,1,January,Jan,2024-01,202401,3,15,Monday,0
2024-01-16,20240116,2024,Q1,1,January,Jan,2024-01,202401,3,16,Tuesday,0
2024-01-17,20240117,2024,Q1,1,January,Jan,2024-01,202401,3,17,Wednesday,0
2024-01-18,20240118,2024,Q1,1,January,Jan,2024-01,202401,3,18,Thursday,0
2024-01-19,20240119,2024,Q1,1,January,Jan,2024-01,202401,3,19,Friday,0
2024-01-20,20240120,2024,Q1,1,January,Jan,2024-01,202401,3,20,Saturday,0
2024-01-21,20240121,2024,Q1,1,January,Jan,2024-01,202401,3,21,Sunday,0
2024-01-22,20240122,2024,Q1,1,January,Jan,2024-01,202401,4,22,Monday,0
2024-01-23,20240123,2024,Q1,1,January,Jan,2024-01,202401,4,23,Tuesday,0
2024-01-24,20240124,2024,Q1,1,January,Jan,2024-01,202401,4,24,Wednesday,0
2024-01-25,20240125,2024,Q1,1,January,Jan,2024-01,202401,4,25,Thursday,0
2024-01-26,20240126,2024,Q1,1,January,Jan,2024-01,202401,4,26,Friday,0
2024-01-27,20240127,2024,Q1,1,January,Jan,2024-01,202401,4,27,Saturday,0
2024-01-28,20240128,2024,Q1,1,January,Jan,2024-01,202401,4,28,Sunday,0
2024-01-29,20240129,2024,Q1,1,January,Jan,2024-01,202401,5,29,Monday,0
2024-01-30,20240130,2024,Q1,1,January,Jan,2024-01,202401,5,30,Tuesday,0
2024-01-31,20240131,2024,Q1,1,January,Jan,2024-01,202401,5,31,Wednesday,1
2024-02-01,20240201,2024,Q1,2,February,Feb,2024-02,202402,5,1,Thursday,0
2024-02-02,20240202,2024,Q1,2,February,Feb,2024-02,202402,5,2,Friday,0
2024-02-03,20240203,2024,Q1,2,February,Feb,2024-02,202402,5,3,Saturday,0
2024-02-04,20240204,2024,Q1,2,February,Feb,2024-02,202402,5,4,Sunday,0
2024-02-05,20240205,2024,Q1,2,February,Feb,2024-02,202402,6,5,Monday,0
2024-02-06,20240206,2024,Q1,2,February,Feb,2024-02,202402,6,6,Tuesday,0
2024-02-07,20240207,2024,Q1,2,February,Feb,2024-02,202402,6,7,Wednesday,0
2024-02-08,20240208,2024,Q1,2,February,Feb,2024-02,202402,6,8,Thursday,0
2024-02-09,20240209,2024,Q1,2,February,Feb,2024-02,202402,6,9,Friday,0
2024-02-10,20240210,2024,Q1,2,February,Feb,2024-02,202402,6,10,Saturday,0
2024-02-11,20240211,2024,Q1,2,February,Feb,2024-02,202402,6,11,Sunday,0
2024-02-12,20240212,2024,Q1,2,February,Feb,2024-02,202402,7,12,Monday,0
2024-02-13,20240213,2024,Q1,2,February,Feb,2024-02,202402,7,13,Tuesday,0
2024-02-14,20240214,2024,Q1,2,February,Feb,2024-02,202402,7,14,Wednesday,0
2024-02-15,20240215,2024,Q1,2,February,Feb,2024-02,202402,7,15,Thursday,0
2024-02-16,20240216,2024,Q1,2,February,Feb,2024-02,202402,7,16,Friday,0
2024-02-17,20240217,2024,Q1,2,February,Feb,2024-02,202402,7,17,Saturday,0
2024-02-18,20240218,2024,Q1,2,February,Feb,2024-02,202402,7,18,Sunday,0
2024-02-19,20240219,2024,Q1,2,February,Feb,2024-02,202402,8,19,Monday,0
2024-02-20,20240220,2024,Q1,2,February,Feb,2024-02,202402,8,20,Tuesday,0
2024-02-21,20240221,2024,Q1,2,February,Feb,2024-02,202402,8,21,Wednesday,0
2024-02-22,20240222,2024,Q1,2,February,Feb,2024-02,202402,8,22,Thursday,0
2024-02-23,20240223,2024,Q1,2,February,Feb,2024-02,202402,8,23,Friday,0
2024-02-24,20240224,2024,Q1,2,February,Feb,2024-02,202402,8,24,Saturday,0
2024-02-25,20240225,2024,Q1,2,February,Feb,2024-02,202402,8,25,Sunday,0
2024-02-26,20240226,2024,Q1,2,February,Feb,2024-02,202402,9,26,Monday,0
2024-02-27,20240227,2024,Q1,2,February,Feb,2024-02,202402,9,27,Tuesday,0
2024-02-28,20240228,2024,Q1,2,February,Feb,2024-02,202402,9,28,Wednesday,0
2024-02-29,20240229,2024,Q1,2,February,Feb,2024-02,202402,9,29,Thursday,1
2024-03-01,20240301,2024,Q1,3,March,Mar,2024-03,202403,9,1,Friday,0
2024-03-02,20240302,2024,Q1,3,March,Mar,2024-03,202403,9,2,Saturday,0
2024-03-03,20240303,2024,Q1,3,March,Mar,2024-03,202403,9,3,Sunday,0
2024-03-04,20240304,2024,Q1,3,March,Mar,2024-03,202403,10,4,Monday,0
2024-03-05,20240305,2024,Q1,3,March,Mar,2024-03,202403,10,5,Tuesday,0
2024-03-06,20240306,2024,Q1,3,March,Mar,2024-03,202403,10,6,Wednesday,0
2024-03-07,20240307,2024,Q1,3,March,Mar,2024-03,202403,10,7,Thursday,0
2024-03-08,20240308,2024,Q1,3,March,Mar,2024-03,202403,10,8,Friday,0
2024-03-09,20240309,2024,Q1,3,March,Mar,2024-03,202403,10,9,Saturday,0
2024-03-10,20240310,2024,Q1,3,March,Mar,2024-03,202403,10,10,Sunday,0
2024-03-11,20240311,2024,Q1,3,March,Mar,2024-03,202403,11,11,Monday,0
2024-03-12,20240312,2024,Q1,3,March,Mar,2024-03,202403,11,12,Tuesday,0
2024-03-13,20240313,2024,Q1,3,March,Mar,2024-03,202403,11,13,Wednesday,0
2024-03-14,20240314,2024,Q1,3,March,Mar,2024-03,202403,11,14,Thursday,0
2024-03-15,20240315,2024,Q1,3,March,Mar,2024-03,202403,11,15,Friday,0
2024-03-16,20240316,2024,Q1,3,March,Mar,2024-03,202403,11,16,Saturday,0
2024-03-17,20240317,2024,Q1,3,March,Mar,2024-03,202403,11,17,Sunday,0
2024-03-18,20240318,2024,Q1,3,March,Mar,2024-03,202403,12,18,Monday,0
2024-03-19,20240319,2024,Q1,3,March,Mar,2024-03,202403,12,19,Tuesday,0
2024-03-20,20240320,2024,Q1,3,March,Mar,2024-03,202403,12,20,Wednesday,0
2024-03-21,20240321,2024,Q1,3,March,Mar,2024-03,202403,12,21,Thursday,0
2024-03-22,20240322,2024,Q1,3,March,Mar,2024-03,202403,12,22,Friday,0
2024-03-23,20240323,2024,Q1,3,March,Mar,2024-03,202403,12,23,Saturday,0
2024-03-24,20240324,2024,Q1,3,March,Mar,2024-03,202403,12,24,Sunday,0
2024-03-25,20240325,2024,Q1,3,March,Mar,2024-03,202403,13,25,Monday,0
2024-03-26,20240326,2024,Q1,3,March,Mar,2024-03,202403,13,26,Tuesday,0
2024-03-27,20240327,2024,Q1,3,March,Mar,2024-03,202403,13,27,Wednesday,0
2024-03-28,20240328,2024,Q1,3,March,Mar,2024-03,202403,13,28,Thursday,0
2024-03-29,20240329,2024,Q1,3,March,Mar,2024-03,202403,13,29,Friday,0
2024-03-30,20240330,2024,Q1,3,March,Mar,2024-03,202403,13,30,Saturday,0
2024-03-31,20240331,2024,Q1,3,March,Mar,2024-03,202403,13,31,Sunday,1
2024-04-01,20240401,2024,Q2,4,April,Apr,2024-04,202404,14,1,Monday,0
2024-04-02,20240402,2024,Q2,4,April,Apr,2024-04,202404,14,2,Tuesday,0
2024-04-03,20240403,2024,Q2,4,April,Apr,2024-04,202404,14,3,Wednesday,0
2024-04-04,20240404,2024,Q2,4,April,Apr,2024-04,202404,14,4,Thursday,0
2024-04-05,20240405,2024,Q2,4,April,Apr,2024-04,202404,14,5,Friday,0
2024-04-06,20240406,2024,Q2,4,April,Apr,2024-04,202404,14,6,Saturday,0
2024-04-07,20240407,2024,Q2,4,April,Apr,2024-04,202404,14,7,Sunday,0
2024-04-08,20240408,2024,Q2,4,April,Apr,2024-04,202404,15,8,Monday,0
2024-04-09,20240409,2024,Q2,4,April,Apr,2024-04,202404,15,9,Tuesday,0
2024-04-10,20240410,2024,Q2,4,April,Apr,2024-04,202404,15,10,Wednesday,0
2024-04-11,20240411,2024,Q2,4,April,Apr,2024-04,202404,15,11,Thursday,0
2024-04-12,20240412,2024,Q2,4,April,Apr,2024-04,202404,15,12,Friday,0
2024-04-13,20240413,2024,Q2,4,April,Apr,2024-04,202404,15,13,Saturday,0
2024-04-14,20240414,2024,Q2,4,April,Apr,2024-04,202404,15,14,Sunday,0
2024-04-15,20240415,2024,Q2,4,April,Apr,2024-04,202404,16,15,Monday,0
2024-04-16,20240416,2024,Q2,4,April,Apr,2024-04,202404,16,16,Tuesday,0
2024-04-17,20240417,2024,Q2,4,April,Apr,2024-04,202404,16,17,Wednesday,0
2024-04-18,20240418,2024,Q2,4,April,Apr,2024-04,202404,16,18,Thursday,0
2024-04-19,20240419,2024,Q2,4,April,Apr,2024-04,202404,16,19,Friday,0
2024-04-20,20240420,2024,Q2,4,April,Apr,2024-04,202404,16,20,Saturday,0
2024-04-21,20240421,2024,Q2,4,April,Apr,2024-04,202404,16,21,Sunday,0
2024-04-22,20240422,2024,Q2,4,April,Apr,2024-04,202404,17,22,Monday,0
2024-04-23,20240423,2024,Q2,4,April,Apr,2024-04,202404,17,23,Tuesday,0
2024-04-24,20240424,2024,Q2,4,April,Apr,2024-04,202404,17,24,Wednesday,0
2024-04-25,20240425,2024,Q2,4,April,Apr,2024-04,202404,17,25,Thursday,0
2024-04-26,20240426,2024,Q2,4,April,Apr,2024-04,202404,17,26,Friday,0
2024-04-27,20240427,2024,Q2,4,April,Apr,2024-04,202404,17,27,Saturday,0
2024-04-28,20240428,2024,Q2,4,April,Apr,2024-04,202404,17,28,Sunday,0
2024-04-29,20240429,2024,Q2,4,April,Apr,2024-04,202404,18,29,Monday,0
2024-04-30,20240430,2024,Q2,4,April,Apr,2024-04,202404,18,30,Tuesday,1
2024-05-01,20240501,2024,Q2,5,May,May,2024-05,202405,18,1,Wednesday,0
2024-05-02,20240502,2024,Q2,5,May,May,2024-05,202405,18,2,Thursday,0
2024-05-03,20240503,2024,Q2,5,May,May,2024-05,202405,18,3,Friday,0
2024-05-04,20240504,2024,Q2,5,May,May,2024-05,202405,18,4,Saturday,0
2024-05-05,20240505,2024,Q2,5,May,May,2024-05,202405,18,5,Sunday,0
2024-05-06,20240506,2024,Q2,5,May,May,2024-05,202405,19,6,Monday,0
2024-05-07,20240507,2024,Q2,5,May,May,2024-05,202405,19,7,Tuesday,0
2024-05-08,20240508,2024,Q2,5,May,May,2024-05,202405,19,8,Wednesday,0
2024-05-09,20240509,2024,Q2,5,May,May,2024-05,202405,19,9,Thursday,0
2024-05-10,20240510,2024,Q2,5,May,May,2024-05,202405,19,10,Friday,0
2024-05-11,20240511,2024,Q2,5,May,May,2024-05,202405,19,11,Saturday,0
2024-05-12,20240512,2024,Q2,5,May,May,2024-05,202405,19,12,Sunday,0
2024-05-13,20240513,2024,Q2,5,May,May,2024-05,202405,20,13,Monday,0
2024-05-14,20240514,2024,Q2,5,May,May,2024-05,202405,20,14,Tuesday,0
2024-05-15,20240515,2024,Q2,5,May,May,2024-05,202405,20,15,Wednesday,0
2024-05-16,20240516,2024,Q2,5,May,May,2024-05,202405,20,16,Thursday,0
2024-05-17,20240517,2024,Q2,5,May,May,2024-05,202405,20,17,Friday,0
2024-05-18,20240518,2024,Q2,5,May,May,2024-05,202405,20,18,Saturday,0
2024-05-19,20240519,2024,Q2,5,May,May,2024-05,202405,20,19,Sunday,0
2024-05-20,20240520,2024,Q2,5,May,May,2024-05,202405,21,20,Monday,0
2024-05-21,20240521,2024,Q2,5,May,May,2024-05,202405,21,21,Tuesday,0
2024-05-22,20240522,2024,Q2,5,May,May,2024-05,202405,21,22,Wednesday,0
2024-05-23,20240523,2024,Q2,5,May,May,2024-05,202405,21,23,Thursday,0
2024-05-24,20240524,2024,Q2,5,May,May,2024-05,202405,21,24,Friday,0
2024-05-25,20240525,2024,Q2,5,May,May,2024-05,202405,21,25,Saturday,0
2024-05-26,20240526,2024,Q2,5,May,May,2024-05,202405,21,26,Sunday,0
2024-05-27,20240527,2024,Q2,5,May,May,2024-05,202405,22,27,Monday,0
2024-05-28,20240528,2024,Q2,5,May,May,2024-05,202405,22,28,Tuesday,0
2024-05-29,20240529,2024,Q2,5,May,May,2024-05,202405,22,29,Wednesday,0
2024-05-30,20240530,2024,Q2,5,May,May,2024-05,202405,22,30,Thursday,0
2024-05-31,20240531,2024,Q2,5,May,May,2024-05,202405,22,31,Friday,1
2024-06-01,20240601,2024,Q2,6,June,Jun,2024-06,202406,22,1,Saturday,0
2024-06-02,20240602,2024,Q2,6,June,Jun,2024-06,202406,22,2,Sunday,0
2024-06-03,20240603,2024,Q2,6,June,Jun,2024-06,202406,23,3,Monday,0
2024-06-04,20240604,2024,Q2,6,June,Jun,2024-06,202406,23,4,Tuesday,0
2024-06-05,20240605,2024,Q2,6,June,Jun,2024-06,202406,23,5,Wednesday,0
2024-06-06,20240606,2024,Q2,6,June,Jun,2024-06,202406,23,6,Thursday,0
2024-06-07,20240607,2024,Q2,6,June,Jun,2024-06,202406,23,7,Friday,0
2024-06-08,20240608,2024,Q2,6,June,Jun,2024-06,202406,23,8,Saturday,0
2024-06-09,20240609,2024,Q2,6,June,Jun,2024-06,202406,23,9,Sunday,0
2024-06-10,20240610,2024,Q2,6,June,Jun,2024-06,202406,24,10,Monday,0
2024-06-11,20240611,2024,Q2,6,June,Jun,2024-06,202406,24,11,Tuesday,0
2024-06-12,20240612,2024,Q2,6,June,Jun,2024-06,202406,24,12,Wednesday,0
2024-06-13,20240613,2024,Q2,6,June,Jun,2024-06,202406,24,13,Thursday,0
2024-06-14,20240614,2024,Q2,6,June,Jun,2024-06,202406,24,14,Friday,0
2024-06-15,20240615,2024,Q2,6,June,Jun,2024-06,202406,24,15,Saturday,0
2024-06-16,20240616,2024,Q2,6,June,Jun,2024-06,202406,24,16,Sunday,0
2024-06-17,20240617,2024,Q2,6,June,Jun,2024-06,202406,25,17,Monday,0
2024-06-18,20240618,2024,Q2,6,June,Jun,2024-06,202406,25,18,Tuesday,0
2024-06-19,20240619,2024,Q2,6,June,Jun,2024-06,202406,25,19,Wednesday,0
2024-06-20,20240620,2024,Q2,6,June,Jun,2024-06,202406,25,20,Thursday,0
2024-06-21,20240621,2024,Q2,6,June,Jun,2024-06,202406,25,21,Friday,0
2024-06-22,20240622,2024,Q2,6,June,Jun,2024-06,202406,25,22,Saturday,0
2024-06-23,20240623,2024,Q2,6,June,Jun,2024-06,202406,25,23,Sunday,0
2024-06-24,20240624,2024,Q2,6,June,Jun,2024-06,202406,26,24,Monday,0
2024-06-25,20240625,2024,Q2,6,June,Jun,2024-06,202406,26,25,Tuesday,0
2024-06-26,20240626,2024,Q2,6,June,Jun,2024-06,202406,26,26,Wednesday,0
2024-06-27,20240627,2024,Q2,6,June,Jun,2024-06,202406,26,27,Thursday,0
2024-06-28,20240628,2024,Q2,6,June,Jun,2024-06,202406,26,28,Friday,0
2024-06-29,20240629,2024,Q2,6,June,Jun,2024-06,202406,26,29,Saturday,0
2024-06-30,20240630,2024,Q2,6,June,Jun,2024-06,202406,26,30,Sunday,1
2024-07-01,20240701,2024,Q3,7,July,Jul,2024-07,202407,27,1,Monday,0
2024-07-02,20240702,2024,Q3,7,July,Jul,2024-07,202407,27,2,Tuesday,0
2024-07-03,20240703,2024,Q3,7,July,Jul,2024-07,202407,27,3,Wednesday,0
2024-07-04,20240704,2024,Q3,7,July,Jul,2024-07,202407,27,4,Thursday,0
2024-07-05,20240705,2024,Q3,7,July,Jul,2024-07,202407,27,5,Friday,0
2024-07-06,20240706,2024,Q3,7,July,Jul,2024-07,202407,27,6,Saturday,0
2024-07-07,20240707,2024,Q3,7,July,Jul,2024-07,202407,27,7,Sunday,0
2024-07-08,20240708,2024,Q3,7,July,Jul,2024-07,202407,28,8,Monday,0
2024-07-09,20240709,2024,Q3,7,July,Jul,2024-07,202407,28,9,Tuesday,0
2024-07-10,20240710,2024,Q3,7,July,Jul,2024-07,202407,28,10,Wednesday,0
2024-07-11,20240711,2024,Q3,7,July,Jul,2024-07,202407,28,11,Thursday,0
2024-07-12,20240712,2024,Q3,7,July,Jul,2024-07,202407,28,12,Friday,0
2024-07-13,20240713,2024,Q3,7,July,Jul,2024-07,202407,28,13,Saturday,0
2024-07-14,20240714,2024,Q3,7,July,Jul,2024-07,202407,28,14,Sunday,0
2024-07-15,20240715,2024,Q3,7,July,Jul,2024-07,202407,29,15,Monday,0
2024-07-16,20240716,2024,Q3,7,July,Jul,2024-07,202407,29,16,Tuesday,0
2024-07-17,20240717,2024,Q3,7,July,Jul,2024-07,202407,29,17,Wednesday,0
2024-07-18,20240718,2024,Q3,7,July,Jul,2024-07,202407,29,18,Thursday,0
2024-07-19,20240719,2024,Q3,7,July,Jul,2024-07,202407,29,19,Friday,0
2024-07-20,20240720,2024,Q3,7,July,Jul,2024-07,202407,29,20,Saturday,0
2024-07-21,20240721,2024,Q3,7,July,Jul,2024-07,202407,29,21,Sunday,0
2024-07-22,20240722,2024,Q3,7,July,Jul,2024-07,202407,30,22,Monday,0
2024-07-23,20240723,2024,Q3,7,July,Jul,2024-07,202407,30,23,Tuesday,0
2024-07-24,20240724,2024,Q3,7,July,Jul,2024-07,202407,30,24,Wednesday,0
2024-07-25,20240725,2024,Q3,7,July,Jul,2024-07,202407,30,25,Thursday,0
2024-07-26,20240726,2024,Q3,7,July,Jul,2024-07,202407,30,26,Friday,0
2024-07-27,20240727,2024,Q3,7,July,Jul,2024-07,202407,30,27,Saturday,0
2024-07-28,20240728,2024,Q3,7,July,Jul,2024-07,202407,30,28,Sunday,0
2024-07-29,20240729,2024,Q3,7,July,Jul,2024-07,202407,31,29,Monday,0
2024-07-30,20240730,2024,Q3,7,July,Jul,2024-07,202407,31,30,Tuesday,0
2024-07-31,20240731,2024,Q3,7,July,Jul,2024-07,202407,31,31,Wednesday,1
2024-08-01,20240801,2024,Q3,8,August,Aug,2024-08,202408,31,1,Thursday,0
2024-08-02,20240802,2024,Q3,8,August,Aug,2024-08,202408,31,2,Friday,0
2024-08-03,20240803,2024,Q3,8,August,Aug,2024-08,202408,31,3,Saturday,0
2024-08-04,20240804,2024,Q3,8,August,Aug,2024-08,202408,31,4,Sunday,0
2024-08-05,20240805,2024,Q3,8,August,Aug,2024-08,202408,32,5,Monday,0
2024-08-06,20240806,2024,Q3,8,August,Aug,2024-08,202408,32,6,Tuesday,0
2024-08-07,20240807,2024,Q3,8,August,Aug,2024-08,202408,32,7,Wednesday,0
2024-08-08,20240808,2024,Q3,8,August,Aug,2024-08,202408,32,8,Thursday,0
2024-08-09,20240809,2024,Q3,8,August,Aug,2024-08,202408,32,9,Friday,0
2024-08-10,20240810,2024,Q3,8,August,Aug,2024-08,202408,32,10,Saturday,0
2024-08-11,20240811,2024,Q3,8,August,Aug,2024-08,202408,32,11,Sunday,0
2024-08-12,20240812,2024,Q3,8,August,Aug,2024-08,202408,33,12,Monday,0
2024-08-13,20240813,2024,Q3,8,August,Aug,2024-08,202408,33,13,Tuesday,0
2024-08-14,20240814,2024,Q3,8,August,Aug,2024-08,202408,33,14,Wednesday,0
2024-08-15,20240815,2024,Q3,8,August,Aug,2024-08,202408,33,15,Thursday,0
2024-08-16,20240816,2024,Q3,8,August,Aug,2024-08,202408,33,16,Friday,0
2024-08-17,20240817,2024,Q3,8,August,Aug,2024-08,202408,33,17,Saturday,0
2024-08-18,20240818,2024,Q3,8,August,Aug,2024-08,202408,33,18,Sunday,0
2024-08-19,20240819,2024,Q3,8,August,Aug,2024-08,202408,34,19,Monday,0
2024-08-20,20240820,2024,Q3,8,August,Aug,2024-08,202408,34,20,Tuesday,0
2024-08-21,20240821,2024,Q3,8,August,Aug,2024-08,202408,34,21,Wednesday,0
2024-08-22,20240822,2024,Q3,8,August,Aug,2024-08,202408,34,22,Thursday,0
2024-08-23,20240823,2024,Q3,8,August,Aug,2024-08,202408,34,23,Friday,0
2024-08-24,20240824,2024,Q3,8,August,Aug,2024-08,202408,34,24,Saturday,0
2024-08-25,20240825,2024,Q3,8,August,Aug,2024-08,202408,34,25,Sunday,0
2024-08-26,20240826,2024,Q3,8,August,Aug,2024-08,202408,35,26,Monday,0
2024-08-27,20240827,2024,Q3,8,August,Aug,2024-08,202408,35,27,Tuesday,0
2024-08-28,20240828,2024,Q3,8,August,Aug,2024-08,202408,35,28,Wednesday,0
2024-08-29,20240829,2024,Q3,8,August,Aug,2024-08,202408,35,29,Thursday,0
2024-08-30,20240830,2024,Q3,8,August,Aug,2024-08,202408,35,30,Friday,0
2024-08-31,20240831,2024,Q3,8,August,Aug,2024-08,202408,35,31,Saturday,1
2024-09-01,20240901,2024,Q3,9,September,Sep,2024-09,202409,35,1,Sunday,0
2024-09-02,20240902,2024,Q3,9,September,Sep,2024-09,202409,36,2,Monday,0
2024-09-03,20240903,2024,Q3,9,September,Sep,2024-09,202409,36,3,Tuesday,0
2024-09-04,20240904,2024,Q3,9,September,Sep,2024-09,202409,36,4,Wednesday,0
2024-09-05,20240905,2024,Q3,9,September,Sep,2024-09,202409,36,5,Thursday,0
2024-09-06,20240906,2024,Q3,9,September,Sep,2024-09,202409,36,6,Friday,0
2024-09-07,20240907,2024,Q3,9,September,Sep,2024-09,202409,36,7,Saturday,0
2024-09-08,20240908,2024,Q3,9,September,Sep,2024-09,202409,36,8,Sunday,0
2024-09-09,20240909,2024,Q3,9,September,Sep,2024-09,202409,37,9,Monday,0
2024-09-10,20240910,2024,Q3,9,September,Sep,2024-09,202409,37,10,Tuesday,0
2024-09-11,20240911,2024,Q3,9,September,Sep,2024-09,202409,37,11,Wednesday,0
2024-09-12,20240912,2024,Q3,9,September,Sep,2024-09,202409,37,12,Thursday,0
2024-09-13,20240913,2024,Q3,9,September,Sep,2024-09,202409,37,13,Friday,0
2024-09-14,20240914,2024,Q3,9,September,Sep,2024-09,202409,37,14,Saturday,0
2024-09-15,20240915,2024,Q3,9,September,Sep,2024-09,202409,37,15,Sunday,0
2024-09-16,20240916,2024,Q3,9,September,Sep,2024-09,202409,38,16,Monday,0
2024-09-17,20240917,2024,Q3,9,September,Sep,2024-09,202409,38,17,Tuesday,0
2024-09-18,20240918,2024,Q3,9,September,Sep,2024-09,202409,38,18,Wednesday,0
2024-09-19,20240919,2024,Q3,9,September,Sep,2024-09,202409,38,19,Thursday,0
2024-09-20,20240920,2024,Q3,9,September,Sep,2024-09,202409,38,20,Friday,0
2024-09-21,20240921,2024,Q3,9,September,Sep,2024-09,202409,38,21,Saturday,0
2024-09-22,20240922,2024,Q3,9,September,Sep,2024-09,202409,38,22,Sunday,0
2024-09-23,20240923,2024,Q3,9,September,Sep,2024-09,202409,39,23,Monday,0
2024-09-24,20240924,2024,Q3,9,September,Sep,2024-09,202409,39,24,Tuesday,0
2024-09-25,20240925,2024,Q3,9,September,Sep,2024-09,202409,39,25,Wednesday,0
2024-09-26,20240926,2024,Q3,9,September,Sep,2024-09,202409,39,26,Thursday,0
2024-09-27,20240927,2024,Q3,9,September,Sep,2024-09,202409,39,27,Friday,0
2024-09-28,20240928,2024,Q3,9,September,Sep,2024-09,202409,39,28,Saturday,0
2024-09-29,20240929,2024,Q3,9,September,Sep,2024-09,202409,39,29,Sunday,0
2024-09-30,20240930,2024,Q3,9,September,Sep,2024-09,202409,40,30,Monday,1
2024-10-01,20241001,2024,Q4,10,October,Oct,2024-10,202410,40,1,Tuesday,0
2024-10-02,20241002,2024,Q4,10,October,Oct,2024-10,202410,40,2,Wednesday,0
2024-10-03,20241003,2024,Q4,10,October,Oct,2024-10,202410,40,3,Thursday,0
2024-10-04,20241004,2024,Q4,10,October,Oct,2024-10,202410,40,4,Friday,0
2024-10-05,20241005,2024,Q4,10,October,Oct,2024-10,202410,40,5,Saturday,0
2024-10-06,20241006,2024,Q4,10,October,Oct,2024-10,202410,40,6,Sunday,0
2024-10-07,20241007,2024,Q4,10,October,Oct,2024-10,202410,41,7,Monday,0
2024-10-08,20241008,2024,Q4,10,October,Oct,2024-10,202410,41,8,Tuesday,0
2024-10-09,20241009,2024,Q4,10,October,Oct,2024-10,202410,41,9,Wednesday,0
2024-10-10,20241010,2024,Q4,10,October,Oct,2024-10,202410,41,10,Thursday,0
2024-10-11,20241011,2024,Q4,10,October,Oct,2024-10,202410,41,11,Friday,0
2024-10-12,20241012,2024,Q4,10,October,Oct,2024-10,202410,41,12,Saturday,0
2024-10-13,20241013,2024,Q4,10,October,Oct,2024-10,202410,41,13,Sunday,0
2024-10-14,20241014,2024,Q4,10,October,Oct,2024-10,202410,42,14,Monday,0
2024-10-15,20241015,2024,Q4,10,October,Oct,2024-10,202410,42,15,Tuesday,0
2024-10-16,20241016,2024,Q4,10,October,Oct,2024-10,202410,42,16,Wednesday,0
2024-10-17,20241017,2024,Q4,10,October,Oct,2024-10,202410,42,17,Thursday,0
2024-10-18,20241018,2024,Q4,10,October,Oct,2024-10,202410,42,18,Friday,0
2024-10-19,20241019,2024,Q4,10,October,Oct,2024-10,202410,42,19,Saturday,0
2024-10-20,20241020,2024,Q4,10,October,Oct,2024-10,202410,42,20,Sunday,0
2024-10-21,20241021,2024,Q4,10,October,Oct,2024-10,202410,43,21,Monday,0
2024-10-22,20241022,2024,Q4,10,October,Oct,2024-10,202410,43,22,Tuesday,0
2024-10-23,20241023,2024,Q4,10,October,Oct,2024-10,202410,43,23,Wednesday,0
2024-10-24,20241024,2024,Q4,10,October,Oct,2024-10,202410,43,24,Thursday,0
2024-10-25,20241025,2024,Q4,10,October,Oct,2024-10,202410,43,25,Friday,0
2024-10-26,20241026,2024,Q4,10,October,Oct,2024-10,202410,43,26,Saturday,0
2024-10-27,20241027,2024,Q4,10,October,Oct,2024-10,202410,43,27,Sunday,0
2024-10-28,20241028,2024,Q4,10,October,Oct,2024-10,202410,44,28,Monday,0
2024-10-29,20241029,2024,Q4,10,October,Oct,2024-10,202410,44,29,Tuesday,0
2024-10-30,20241030,2024,Q4,10,October,Oct,2024-10,202410,44,30,Wednesday,0
2024-10-31,20241031,2024,Q4,10,October,Oct,2024-10,202410,44,31,Thursday,1
2024-11-01,20241101,2024,Q4,11,November,Nov,2024-11,202411,44,1,Friday,0
2024-11-02,20241102,2024,Q4,11,November,Nov,2024-11,202411,44,2,Saturday,0
2024-11-03,20241103,2024,Q4,11,November,Nov,2024-11,202411,44,3,Sunday,0
2024-11-04,20241104,2024,Q4,11,November,Nov,2024-11,202411,45,4,Monday,0
2024-11-05,20241105,2024,Q4,11,November,Nov,2024-11,202411,45,5,Tuesday,0
2024-11-06,20241106,2024,Q4,11,November,Nov,2024-11,202411,45,6,Wednesday,0
2024-11-07,20241107,2024,Q4,11,November,Nov,2024-11,202411,45,7,Thursday,0
2024-11-08,20241108,2024,Q4,11,November,Nov,2024-11,202411,45,8,Friday,0
2024-11-09,20241109,2024,Q4,11,November,Nov,2024-11,202411,45,9,Saturday,0
2024-11-10,20241110,2024,Q4,11,November,Nov,2024-11,202411,45,10,Sunday,0
2024-11-11,20241111,2024,Q4,11,November,Nov,2024-11,202411,46,11,Monday,0
2024-11-12,20241112,2024,Q4,11,November,Nov,2024-11,202411,46,12,Tuesday,0
2024-11-13,20241113,2024,Q4,11,November,Nov,2024-11,202411,46,13,Wednesday,0
2024-11-14,20241114,2024,Q4,11,November,Nov,2024-11,202411,46,14,Thursday,0
2024-11-15,20241115,2024,Q4,11,November,Nov,2024-11,202411,46,15,Friday,0
2024-11-16,20241116,2024,Q4,11,November,Nov,2024-11,202411,46,16,Saturday,0
2024-11-17,20241117,2024,Q4,11,November,Nov,2024-11,202411,46,17,Sunday,0
2024-11-18,20241118,2024,Q4,11,November,Nov,2024-11,202411,47,18,Monday,0
2024-11-19,20241119,2024,Q4,11,November,Nov,2024-11,202411,47,19,Tuesday,0
2024-11-20,20241120,2024,Q4,11,November,Nov,2024-11,202411,47,20,Wednesday,0
2024-11-21,20241121,2024,Q4,11,November,Nov,2024-11,202411,47,21,Thursday,0
2024-11-22,20241122,2024,Q4,11,November,Nov,2024-11,202411,47,22,Friday,0
2024-11-23,20241123,2024,Q4,11,November,Nov,2024-11,202411,47,23,Saturday,0
2024-11-24,20241124,2024,Q4,11,November,Nov,2024-11,202411,47,24,Sunday,0
2024-11-25,20241125,2024,Q4,11,November,Nov,2024-11,202411,48,25,Monday,0
2024-11-26,20241126,2024,Q4,11,November,Nov,2024-11,202411,48,26,Tuesday,0
2024-11-27,20241127,2024,Q4,11,November,Nov,2024-11,202411,48,27,Wednesday,0
2024-11-28,20241128,2024,Q4,11,November,Nov,2024-11,202411,48,28,Thursday,0
2024-11-29,20241129,2024,Q4,11,November,Nov,2024-11,202411,48,29,Friday,0
2024-11-30,20241130,2024,Q4,11,November,Nov,2024-11,202411,48,30,Saturday,1
2024-12-01,20241201,2024,Q4,12,December,Dec,2024-12,202412,48,1,Sunday,0
2024-12-02,20241202,2024,Q4,12,December,Dec,2024-12,202412,49,2,Monday,0
2024-12-03,20241203,2024,Q4,12,December,Dec,2024-12,202412,49,3,Tuesday,0
2024-12-04,20241204,2024,Q4,12,December,Dec,2024-12,202412,49,4,Wednesday,0
2024-12-05,20241205,2024,Q4,12,December,Dec,2024-12,202412,49,5,Thursday,0
2024-12-06,20241206,2024,Q4,12,December,Dec,2024-12,202412,49,6,Friday,0
2024-12-07,20241207,2024,Q4,12,December,Dec,2024-12,202412,49,7,Saturday,0
2024-12-08,20241208,2024,Q4,12,December,Dec,2024-12,202412,49,8,Sunday,0
2024-12-09,20241209,2024,Q4,12,December,Dec,2024-12,202412,50,9,Monday,0
2024-12-10,20241210,2024,Q4,12,December,Dec,2024-12,202412,50,10,Tuesday,0
2024-12-11,20241211,2024,Q4,12,December,Dec,2024-12,202412,50,11,Wednesday,0
2024-12-12,20241212,2024,Q4,12,December,Dec,2024-12,202412,50,12,Thursday,0
2024-12-13,20241213,2024,Q4,12,December,Dec,2024-12,202412,50,13,Friday,0
2024-12-14,20241214,2024,Q4,12,December,Dec,2024-12,202412,50,14,Saturday,0
2024-12-15,20241215,2024,Q4,12,December,Dec,2024-12,202412,50,15,Sunday,0
2024-12-16,20241216,2024,Q4,12,December,Dec,2024-12,202412,51,16,Monday,0
2024-12-17,20241217,2024,Q4,12,December,Dec,2024-12,202412,51,17,Tuesday,0
2024-12-18,20241218,2024,Q4,12,December,Dec,2024-12,202412,51,18,Wednesday,0
2024-12-19,20241219,2024,Q4,12,December,Dec,2024-12,202412,51,19,Thursday,0
2024-12-20,20241220,2024,Q4,12,December,Dec,2024-12,202412,51,20,Friday,0
2024-12-21,20241221,2024,Q4,12,December,Dec,2024-12,202412,51,21,Saturday,0
2024-12-22,20241222,2024,Q4,12,December,Dec,2024-12,202412,51,22,Sunday,0
2024-12-23,20241223,2024,Q4,12,December,Dec,2024-12,202412,52,23,Monday,0
2024-12-24,20241224,2024,Q4,12,December,Dec,2024-12,202412,52,24,Tuesday,0
2024-12-25,20241225,2024,Q4,12,December,Dec,2024-12,202412,52,25,Wednesday,0
2024-12-26,20241226,2024,Q4,12,December,Dec,2024-12,202412,52,26,Thursday,0
2024-12-27,20241227,2024,Q4,12,December,Dec,2024-12,202412,52,27,Friday,0
2024-12-28,20241228,2024,Q4,12,December,Dec,2024-12,202412,52,28,Saturday,0
2024-12-29,20241229,2024,Q4,12,December,Dec,2024-12,202412,52,29,Sunday,0
2024-12-30,20241230,2024,Q4,12,December,Dec,2024-12,202412,1,30,Monday,0
2024-12-31,20241231,2024,Q4,12,December,Dec,2024-12,202412,1,31,Tuesday,1
2025-01-01,20250101,2025,Q1,1,January,Jan,2025-01,202501,1,1,Wednesday,0
2025-01-02,20250102,2025,Q1,1,January,Jan,2025-01,202501,1,2,Thursday,0
2025-01-03,20250103,2025,Q1,1,January,Jan,2025-01,202501,1,3,Friday,0
2025-01-04,20250104,2025,Q1,1,January,Jan,2025-01,202501,1,4,Saturday,0
2025-01-05,20250105,2025,Q1,1,January,Jan,2025-01,202501,1,5,Sunday,0
2025-01-06,20250106,2025,Q1,1,January,Jan,2025-01,202501,2,6,Monday,0
2025-01-07,20250107,2025,Q1,1,January,Jan,2025-01,202501,2,7,Tuesday,0
2025-01-08,20250108,2025,Q1,1,January,Jan,2025-01,202501,2,8,Wednesday,0
2025-01-09,20250109,2025,Q1,1,January,Jan,2025-01,202501,2,9,Thursday,0
2025-01-10,20250110,2025,Q1,1,January,Jan,2025-01,202501,2,10,Friday,0
2025-01-11,20250111,2025,Q1,1,January,Jan,2025-01,202501,2,11,Saturday,0
2025-01-12,20250112,2025,Q1,1,January,Jan,2025-01,202501,2,12,Sunday,0
2025-01-13,20250113,2025,Q1,1,January,Jan,2025-01,202501,3,13,Monday,0
2025-01-14,20250114,2025,Q1,1,January,Jan,2025-01,202501,3,14,Tuesday,0
2025-01-15,20250115,2025,Q1,1,January,Jan,2025-01,202501,3,15,Wednesday,0
2025-01-16,20250116,2025,Q1,1,January,Jan,2025-01,202501,3,16,Thursday,0
2025-01-17,20250117,2025,Q1,1,January,Jan,2025-01,202501,3,17,Friday,0
2025-01-18,20250118,2025,Q1,1,January,Jan,2025-01,202501,3,18,Saturday,0
2025-01-19,20250119,2025,Q1,1,January,Jan,2025-01,202501,3,19,Sunday,0
2025-01-20,20250120,2025,Q1,1,January,Jan,2025-01,202501,4,20,Monday,0
2025-01-21,20250121,2025,Q1,1,January,Jan,2025-01,202501,4,21,Tuesday,0
2025-01-22,20250122,2025,Q1,1,January,Jan,2025-01,202501,4,22,Wednesday,0
2025-01-23,20250123,2025,Q1,1,January,Jan,2025-01,202501,4,23,Thursday,0
2025-01-24,20250124,2025,Q1,1,January,Jan,2025-01,202501,4,24,Friday,0
2025-01-25,20250125,2025,Q1,1,January,Jan,2025-01,202501,4,25,Saturday,0
2025-01-26,20250126,2025,Q1,1,January,Jan,2025-01,202501,4,26,Sunday,0
2025-01-27,20250127,2025,Q1,1,January,Jan,2025-01,202501,5,27,Monday,0
2025-01-28,20250128,2025,Q1,1,January,Jan,2025-01,202501,5,28,Tuesday,0
2025-01-29,20250129,2025,Q1,1,January,Jan,2025-01,202501,5,29,Wednesday,0
2025-01-30,20250130,2025,Q1,1,January,Jan,2025-01,202501,5,30,Thursday,0
2025-01-31,20250131,2025,Q1,1,January,Jan,2025-01,202501,5,31,Friday,1
2025-02-01,20250201,2025,Q1,2,February,Feb,2025-02,202502,5,1,Saturday,0
2025-02-02,20250202,2025,Q1,2,February,Feb,2025-02,202502,5,2,Sunday,0
2025-02-03,20250203,2025,Q1,2,February,Feb,2025-02,202502,6,3,Monday,0
2025-02-04,20250204,2025,Q1,2,February,Feb,2025-02,202502,6,4,Tuesday,0
2025-02-05,20250205,2025,Q1,2,February,Feb,2025-02,202502,6,5,Wednesday,0
2025-02-06,20250206,2025,Q1,2,February,Feb,2025-02,202502,6,6,Thursday,0
2025-02-07,20250207,2025,Q1,2,February,Feb,2025-02,202502,6,7,Friday,0
2025-02-08,20250208,2025,Q1,2,February,Feb,2025-02,202502,6,8,Saturday,0
2025-02-09,20250209,2025,Q1,2,February,Feb,2025-02,202502,6,9,Sunday,0
2025-02-10,20250210,2025,Q1,2,February,Feb,2025-02,202502,7,10,Monday,0
2025-02-11,20250211,2025,Q1,2,February,Feb,2025-02,202502,7,11,Tuesday,0
2025-02-12,20250212,2025,Q1,2,February,Feb,2025-02,202502,7,12,Wednesday,0
2025-02-13,20250213,2025,Q1,2,February,Feb,2025-02,202502,7,13,Thursday,0
2025-02-14,20250214,2025,Q1,2,February,Feb,2025-02,202502,7,14,Friday,0
2025-02-15,20250215,2025,Q1,2,February,Feb,2025-02,202502,7,15,Saturday,0
2025-02-16,20250216,2025,Q1,2,February,Feb,2025-02,202502,7,16,Sunday,0
2025-02-17,20250217,2025,Q1,2,February,Feb,2025-02,202502,8,17,Monday,0
2025-02-18,20250218,2025,Q1,2,February,Feb,2025-02,202502,8,18,Tuesday,0
2025-02-19,20250219,2025,Q1,2,February,Feb,2025-02,202502,8,19,Wednesday,0
2025-02-20,20250220,2025,Q1,2,February,Feb,2025-02,202502,8,20,Thursday,0
2025-02-21,20250221,2025,Q1,2,February,Feb,2025-02,202502,8,21,Friday,0
2025-02-22,20250222,2025,Q1,2,February,Feb,2025-02,202502,8,22,Saturday,0
2025-02-23,20250223,2025,Q1,2,February,Feb,2025-02,202502,8,23,Sunday,0
2025-02-24,20250224,2025,Q1,2,February,Feb,2025-02,202502,9,24,Monday,0
2025-02-25,20250225,2025,Q1,2,February,Feb,2025-02,202502,9,25,Tuesday,0
2025-02-26,20250226,2025,Q1,2,February,Feb,2025-02,202502,9,26,Wednesday,0
2025-02-27,20250227,2025,Q1,2,February,Feb,2025-02,202502,9,27,Thursday,0
2025-02-28,20250228,2025,Q1,2,February,Feb,2025-02,202502,9,28,Friday,1
2025-03-01,20250301,2025,Q1,3,March,Mar,2025-03,202503,9,1,Saturday,0
2025-03-02,20250302,2025,Q1,3,March,Mar,2025-03,202503,9,2,Sunday,0
2025-03-03,20250303,2025,Q1,3,March,Mar,2025-03,202503,10,3,Monday,0
2025-03-04,20250304,2025,Q1,3,March,Mar,2025-03,202503,10,4,Tuesday,0
2025-03-05,20250305,2025,Q1,3,March,Mar,2025-03,202503,10,5,Wednesday,0
2025-03-06,20250306,2025,Q1,3,March,Mar,2025-03,202503,10,6,Thursday,0
2025-03-07,20250307,2025,Q1,3,March,Mar,2025-03,202503,10,7,Friday,0
2025-03-08,20250308,2025,Q1,3,March,Mar,2025-03,202503,10,8,Saturday,0
2025-03-09,20250309,2025,Q1,3,March,Mar,2025-03,202503,10,9,Sunday,0
2025-03-10,20250310,2025,Q1,3,March,Mar,2025-03,202503,11,10,Monday,0
2025-03-11,20250311,2025,Q1,3,March,Mar,2025-03,202503,11,11,Tuesday,0
2025-03-12,20250312,2025,Q1,3,March,Mar,2025-03,202503,11,12,Wednesday,0
2025-03-13,20250313,2025,Q1,3,March,Mar,2025-03,202503,11,13,Thursday,0
2025-03-14,20250314,2025,Q1,3,March,Mar,2025-03,202503,11,14,Friday,0
2025-03-15,20250315,2025,Q1,3,March,Mar,2025-03,202503,11,15,Saturday,0
2025-03-16,20250316,2025,Q1,3,March,Mar,2025-03,202503,11,16,Sunday,0
2025-03-17,20250317,2025,Q1,3,March,Mar,2025-03,202503,12,17,Monday,0
2025-03-18,20250318,2025,Q1,3,March,Mar,2025-03,202503,12,18,Tuesday,0
2025-03-19,20250319,2025,Q1,3,March,Mar,2025-03,202503,12,19,Wednesday,0
2025-03-20,20250320,2025,Q1,3,March,Mar,2025-03,202503,12,20,Thursday,0
2025-03-21,20250321,2025,Q1,3,March,Mar,2025-03,202503,12,21,Friday,0
2025-03-22,20250322,2025,Q1,3,March,Mar,2025-03,202503,12,22,Saturday,0
2025-03-23,20250323,2025,Q1,3,March,Mar,2025-03,202503,12,23,Sunday,0
2025-03-24,20250324,2025,Q1,3,March,Mar,2025-03,202503,13,24,Monday,0
2025-03-25,20250325,2025,Q1,3,March,Mar,2025-03,202503,13,25,Tuesday,0
2025-03-26,20250326,2025,Q1,3,March,Mar,2025-03,202503,13,26,Wednesday,0
2025-03-27,20250327,2025,Q1,3,March,Mar,2025-03,202503,13,27,Thursday,0
2025-03-28,20250328,2025,Q1,3,March,Mar,2025-03,202503,13,28,Friday,0
2025-03-29,20250329,2025,Q1,3,March,Mar,2025-03,202503,13,29,Saturday,0
2025-03-30,20250330,2025,Q1,3,March,Mar,2025-03,202503,13,30,Sunday,0
2025-03-31,20250331,2025,Q1,3,March,Mar,2025-03,202503,14,31,Monday,1
2025-04-01,20250401,2025,Q2,4,April,Apr,2025-04,202504,14,1,Tuesday,0
2025-04-02,20250402,2025,Q2,4,April,Apr,2025-04,202504,14,2,Wednesday,0
2025-04-03,20250403,2025,Q2,4,April,Apr,2025-04,202504,14,3,Thursday,0
2025-04-04,20250404,2025,Q2,4,April,Apr,2025-04,202504,14,4,Friday,0
2025-04-05,20250405,2025,Q2,4,April,Apr,2025-04,202504,14,5,Saturday,0
2025-04-06,20250406,2025,Q2,4,April,Apr,2025-04,202504,14,6,Sunday,0
2025-04-07,20250407,2025,Q2,4,April,Apr,2025-04,202504,15,7,Monday,0
2025-04-08,20250408,2025,Q2,4,April,Apr,2025-04,202504,15,8,Tuesday,0
2025-04-09,20250409,2025,Q2,4,April,Apr,2025-04,202504,15,9,Wednesday,0
2025-04-10,20250410,2025,Q2,4,April,Apr,2025-04,202504,15,10,Thursday,0
2025-04-11,20250411,2025,Q2,4,April,Apr,2025-04,202504,15,11,Friday,0
2025-04-12,20250412,2025,Q2,4,April,Apr,2025-04,202504,15,12,Saturday,0
2025-04-13,20250413,2025,Q2,4,April,Apr,2025-04,202504,15,13,Sunday,0
2025-04-14,20250414,2025,Q2,4,April,Apr,2025-04,202504,16,14,Monday,0
2025-04-15,20250415,2025,Q2,4,April,Apr,2025-04,202504,16,15,Tuesday,0
2025-04-16,20250416,2025,Q2,4,April,Apr,2025-04,202504,16,16,Wednesday,0
2025-04-17,20250417,2025,Q2,4,April,Apr,2025-04,202504,16,17,Thursday,0
2025-04-18,20250418,2025,Q2,4,April,Apr,2025-04,202504,16,18,Friday,0
2025-04-19,20250419,2025,Q2,4,April,Apr,2025-04,202504,16,19,Saturday,0
2025-04-20,20250420,2025,Q2,4,April,Apr,2025-04,202504,16,20,Sunday,0
2025-04-21,20250421,2025,Q2,4,April,Apr,2025-04,202504,17,21,Monday,0
2025-04-22,20250422,2025,Q2,4,April,Apr,2025-04,202504,17,22,Tuesday,0
2025-04-23,20250423,2025,Q2,4,April,Apr,2025-04,202504,17,23,Wednesday,0
2025-04-24,20250424,2025,Q2,4,April,Apr,2025-04,202504,17,24,Thursday,0
2025-04-25,20250425,2025,Q2,4,April,Apr,2025-04,202504,17,25,Friday,0
2025-04-26,20250426,2025,Q2,4,April,Apr,2025-04,202504,17,26,Saturday,0
2025-04-27,20250427,2025,Q2,4,April,Apr,2025-04,202504,17,27,Sunday,0
2025-04-28,20250428,2025,Q2,4,April,Apr,2025-04,202504,18,28,Monday,0
2025-04-29,20250429,2025,Q2,4,April,Apr,2025-04,202504,18,29,Tuesday,0
2025-04-30,20250430,2025,Q2,4,April,Apr,2025-04,202504,18,30,Wednesday,1
2025-05-01,20250501,2025,Q2,5,May,May,2025-05,202505,18,1,Thursday,0
2025-05-02,20250502,2025,Q2,5,May,May,2025-05,202505,18,2,Friday,0
2025-05-03,20250503,2025,Q2,5,May,May,2025-05,202505,18,3,Saturday,0
2025-05-04,20250504,2025,Q2,5,May,May,2025-05,202505,18,4,Sunday,0
2025-05-05,20250505,2025,Q2,5,May,May,2025-05,202505,19,5,Monday,0
2025-05-06,20250506,2025,Q2,5,May,May,2025-05,202505,19,6,Tuesday,0
2025-05-07,20250507,2025,Q2,5,May,May,2025-05,202505,19,7,Wednesday,0
2025-05-08,20250508,2025,Q2,5,May,May,2025-05,202505,19,8,Thursday,0
2025-05-09,20250509,2025,Q2,5,May,May,2025-05,202505,19,9,Friday,0
2025-05-10,20250510,2025,Q2,5,May,May,2025-05,202505,19,10,Saturday,0
2025-05-11,20250511,2025,Q2,5,May,May,2025-05,202505,19,11,Sunday,0
2025-05-12,20250512,2025,Q2,5,May,May,2025-05,202505,20,12,Monday,0
2025-05-13,20250513,2025,Q2,5,May,May,2025-05,202505,20,13,Tuesday,0
2025-05-14,20250514,2025,Q2,5,May,May,2025-05,202505,20,14,Wednesday,0
2025-05-15,20250515,2025,Q2,5,May,May,2025-05,202505,20,15,Thursday,0
2025-05-16,20250516,2025,Q2,5,May,May,2025-05,202505,20,16,Friday,0
2025-05-17,20250517,2025,Q2,5,May,May,2025-05,202505,20,17,Saturday,0
2025-05-18,20250518,2025,Q2,5,May,May,2025-05,202505,20,18,Sunday,0
2025-05-19,20250519,2025,Q2,5,May,May,2025-05,202505,21,19,Monday,0
2025-05-20,20250520,2025,Q2,5,May,May,2025-05,202505,21,20,Tuesday,0
2025-05-21,20250521,2025,Q2,5,May,May,2025-05,202505,21,21,Wednesday,0
2025-05-22,20250522,2025,Q2,5,May,May,2025-05,202505,21,22,Thursday,0
2025-05-23,20250523,2025,Q2,5,May,May,2025-05,202505,21,23,Friday,0
2025-05-24,20250524,2025,Q2,5,May,May,2025-05,202505,21,24,Saturday,0
2025-05-25,20250525,2025,Q2,5,May,May,2025-05,202505,21,25,Sunday,0
2025-05-26,20250526,2025,Q2,5,May,May,2025-05,202505,22,26,Monday,0
2025-05-27,20250527,2025,Q2,5,May,May,2025-05,202505,22,27,Tuesday,0
2025-05-28,20250528,2025,Q2,5,May,May,2025-05,202505,22,28,Wednesday,0
2025-05-29,20250529,2025,Q2,5,May,May,2025-05,202505,22,29,Thursday,0
2025-05-30,20250530,2025,Q2,5,May,May,2025-05,202505,22,30,Friday,0
2025-05-31,20250531,2025,Q2,5,May,May,2025-05,202505,22,31,Saturday,1
2025-06-01,20250601,2025,Q2,6,June,Jun,2025-06,202506,22,1,Sunday,0
2025-06-02,20250602,2025,Q2,6,June,Jun,2025-06,202506,23,2,Monday,0
2025-06-03,20250603,2025,Q2,6,June,Jun,2025-06,202506,23,3,Tuesday,0
2025-06-04,20250604,2025,Q2,6,June,Jun,2025-06,202506,23,4,Wednesday,0
2025-06-05,20250605,2025,Q2,6,June,Jun,2025-06,202506,23,5,Thursday,0
2025-06-06,20250606,2025,Q2,6,June,Jun,2025-06,202506,23,6,Friday,0
2025-06-07,20250607,2025,Q2,6,June,Jun,2025-06,202506,23,7,Saturday,0
2025-06-08,20250608,2025,Q2,6,June,Jun,2025-06,202506,23,8,Sunday,0
2025-06-09,20250609,2025,Q2,6,June,Jun,2025-06,202506,24,9,Monday,0
2025-06-10,20250610,2025,Q2,6,June,Jun,2025-06,202506,24,10,Tuesday,0
2025-06-11,20250611,2025,Q2,6,June,Jun,2025-06,202506,24,11,Wednesday,0
2025-06-12,20250612,2025,Q2,6,June,Jun,2025-06,202506,24,12,Thursday,0
2025-06-13,20250613,2025,Q2,6,June,Jun,2025-06,202506,24,13,Friday,0
2025-06-14,20250614,2025,Q2,6,June,Jun,2025-06,202506,24,14,Saturday,0
2025-06-15,20250615,2025,Q2,6,June,Jun,2025-06,202506,24,15,Sunday,0
2025-06-16,20250616,2025,Q2,6,June,Jun,2025-06,202506,25,16,Monday,0
2025-06-17,20250617,2025,Q2,6,June,Jun,2025-06,202506,25,17,Tuesday,0
2025-06-18,20250618,2025,Q2,6,June,Jun,2025-06,202506,25,18,Wednesday,0
2025-06-19,20250619,2025,Q2,6,June,Jun,2025-06,202506,25,19,Thursday,0
2025-06-20,20250620,2025,Q2,6,June,Jun,2025-06,202506,25,20,Friday,0
2025-06-21,20250621,2025,Q2,6,June,Jun,2025-06,202506,25,21,Saturday,0
2025-06-22,20250622,2025,Q2,6,June,Jun,2025-06,202506,25,22,Sunday,0
2025-06-23,20250623,2025,Q2,6,June,Jun,2025-06,202506,26,23,Monday,0
2025-06-24,20250624,2025,Q2,6,June,Jun,2025-06,202506,26,24,Tuesday,0
2025-06-25,20250625,2025,Q2,6,June,Jun,2025-06,202506,26,25,Wednesday,0
2025-06-26,20250626,2025,Q2,6,June,Jun,2025-06,202506,26,26,Thursday,0
2025-06-27,20250627,2025,Q2,6,June,Jun,2025-06,202506,26,27,Friday,0
2025-06-28,20250628,2025,Q2,6,June,Jun,2025-06,202506,26,28,Saturday,0
2025-06-29,20250629,2025,Q2,6,June,Jun,2025-06,202506,26,29,Sunday,0
2025-06-30,20250630,2025,Q2,6,June,Jun,2025-06,202506,27,30,Monday,1
2025-07-01,20250701,2025,Q3,7,July,Jul,2025-07,202507,27,1,Tuesday,0
2025-07-02,20250702,2025,Q3,7,July,Jul,2025-07,202507,27,2,Wednesday,0
2025-07-03,20250703,2025,Q3,7,July,Jul,2025-07,202507,27,3,Thursday,0
2025-07-04,20250704,2025,Q3,7,July,Jul,2025-07,202507,27,4,Friday,0
2025-07-05,20250705,2025,Q3,7,July,Jul,2025-07,202507,27,5,Saturday,0
2025-07-06,20250706,2025,Q3,7,July,Jul,2025-07,202507,27,6,Sunday,0
2025-07-07,20250707,2025,Q3,7,July,Jul,2025-07,202507,28,7,Monday,0
2025-07-08,20250708,2025,Q3,7,July,Jul,2025-07,202507,28,8,Tuesday,0
2025-07-09,20250709,2025,Q3,7,July,Jul,2025-07,202507,28,9,Wednesday,0
2025-07-10,20250710,2025,Q3,7,July,Jul,2025-07,202507,28,10,Thursday,0
2025-07-11,20250711,2025,Q3,7,July,Jul,2025-07,202507,28,11,Friday,0
2025-07-12,20250712,2025,Q3,7,July,Jul,2025-07,202507,28,12,Saturday,0
2025-07-13,20250713,2025,Q3,7,July,Jul,2025-07,202507,28,13,Sunday,0
2025-07-14,20250714,2025,Q3,7,July,Jul,2025-07,202507,29,14,Monday,0
2025-07-15,20250715,2025,Q3,7,July,Jul,2025-07,202507,29,15,Tuesday,0
2025-07-16,20250716,2025,Q3,7,July,Jul,2025-07,202507,29,16,Wednesday,0
2025-07-17,20250717,2025,Q3,7,July,Jul,2025-07,202507,29,17,Thursday,0
2025-07-18,20250718,2025,Q3,7,July,Jul,2025-07,202507,29,18,Friday,0
2025-07-19,20250719,2025,Q3,7,July,Jul,2025-07,202507,29,19,Saturday,0
2025-07-20,20250720,2025,Q3,7,July,Jul,2025-07,202507,29,20,Sunday,0
2025-07-21,20250721,2025,Q3,7,July,Jul,2025-07,202507,30,21,Monday,0
2025-07-22,20250722,2025,Q3,7,July,Jul,2025-07,202507,30,22,Tuesday,0
2025-07-23,20250723,2025,Q3,7,July,Jul,2025-07,202507,30,23,Wednesday,0
2025-07-24,20250724,2025,Q3,7,July,Jul,2025-07,202507,30,24,Thursday,0
2025-07-25,20250725,2025,Q3,7,July,Jul,2025-07,202507,30,25,Friday,0
2025-07-26,20250726,2025,Q3,7,July,Jul,2025-07,202507,30,26,Saturday,0
2025-07-27,20250727,2025,Q3,7,July,Jul,2025-07,202507,30,27,Sunday,0
2025-07-28,20250728,2025,Q3,7,July,Jul,2025-07,202507,31,28,Monday,0
2025-07-29,20250729,2025,Q3,7,July,Jul,2025-07,202507,31,29,Tuesday,0
2025-07-30,20250730,2025,Q3,7,July,Jul,2025-07,202507,31,30,Wednesday,0
2025-07-31,20250731,2025,Q3,7,July,Jul,2025-07,202507,31,31,Thursday,1
2025-08-01,20250801,2025,Q3,8,August,Aug,2025-08,202508,31,1,Friday,0
2025-08-02,20250802,2025,Q3,8,August,Aug,2025-08,202508,31,2,Saturday,0
2025-08-03,20250803,2025,Q3,8,August,Aug,2025-08,202508,31,3,Sunday,0
2025-08-04,20250804,2025,Q3,8,August,Aug,2025-08,202508,32,4,Monday,0
2025-08-05,20250805,2025,Q3,8,August,Aug,2025-08,202508,32,5,Tuesday,0
2025-08-06,20250806,2025,Q3,8,August,Aug,2025-08,202508,32,6,Wednesday,0
2025-08-07,20250807,2025,Q3,8,August,Aug,2025-08,202508,32,7,Thursday,0
2025-08-08,20250808,2025,Q3,8,August,Aug,2025-08,202508,32,8,Friday,0
2025-08-09,20250809,2025,Q3,8,August,Aug,2025-08,202508,32,9,Saturday,0
2025-08-10,20250810,2025,Q3,8,August,Aug,2025-08,202508,32,10,Sunday,0
2025-08-11,20250811,2025,Q3,8,August,Aug,2025-08,202508,33,11,Monday,0
2025-08-12,20250812,2025,Q3,8,August,Aug,2025-08,202508,33,12,Tuesday,0
2025-08-13,20250813,2025,Q3,8,August,Aug,2025-08,202508,33,13,Wednesday,0
2025-08-14,20250814,2025,Q3,8,August,Aug,2025-08,202508,33,14,Thursday,0
2025-08-15,20250815,2025,Q3,8,August,Aug,2025-08,202508,33,15,Friday,0
2025-08-16,20250816,2025,Q3,8,August,Aug,2025-08,202508,33,16,Saturday,0
2025-08-17,20250817,2025,Q3,8,August,Aug,2025-08,202508,33,17,Sunday,0
2025-08-18,20250818,2025,Q3,8,August,Aug,2025-08,202508,34,18,Monday,0
2025-08-19,20250819,2025,Q3,8,August,Aug,2025-08,202508,34,19,Tuesday,0
2025-08-20,20250820,2025,Q3,8,August,Aug,2025-08,202508,34,20,Wednesday,0
2025-08-21,20250821,2025,Q3,8,August,Aug,2025-08,202508,34,21,Thursday,0
2025-08-22,20250822,2025,Q3,8,August,Aug,2025-08,202508,34,22,Friday,0
2025-08-23,20250823,2025,Q3,8,August,Aug,2025-08,202508,34,23,Saturday,0
2025-08-24,20250824,2025,Q3,8,August,Aug,2025-08,202508,34,24,Sunday,0
2025-08-25,20250825,2025,Q3,8,August,Aug,2025-08,202508,35,25,Monday,0
2025-08-26,20250826,2025,Q3,8,August,Aug,2025-08,202508,35,26,Tuesday,0
2025-08-27,20250827,2025,Q3,8,August,Aug,2025-08,202508,35,27,Wednesday,0
2025-08-28,20250828,2025,Q3,8,August,Aug,2025-08,202508,35,28,Thursday,0
2025-08-29,20250829,2025,Q3,8,August,Aug,2025-08,202508,35,29,Friday,0
2025-08-30,20250830,2025,Q3,8,August,Aug,2025-08,202508,35,30,Saturday,0
2025-08-31,20250831,2025,Q3,8,August,Aug,2025-08,202508,35,31,Sunday,1
2025-09-01,20250901,2025,Q3,9,September,Sep,2025-09,202509,36,1,Monday,0
2025-09-02,20250902,2025,Q3,9,September,Sep,2025-09,202509,36,2,Tuesday,0
2025-09-03,20250903,2025,Q3,9,September,Sep,2025-09,202509,36,3,Wednesday,0
2025-09-04,20250904,2025,Q3,9,September,Sep,2025-09,202509,36,4,Thursday,0
2025-09-05,20250905,2025,Q3,9,September,Sep,2025-09,202509,36,5,Friday,0
2025-09-06,20250906,2025,Q3,9,September,Sep,2025-09,202509,36,6,Saturday,0
2025-09-07,20250907,2025,Q3,9,September,Sep,2025-09,202509,36,7,Sunday,0
2025-09-08,20250908,2025,Q3,9,September,Sep,2025-09,202509,37,8,Monday,0
2025-09-09,20250909,2025,Q3,9,September,Sep,2025-09,202509,37,9,Tuesday,0
2025-09-10,20250910,2025,Q3,9,September,Sep,2025-09,202509,37,10,Wednesday,0
2025-09-11,20250911,2025,Q3,9,September,Sep,2025-09,202509,37,11,Thursday,0
2025-09-12,20250912,2025,Q3,9,September,Sep,2025-09,202509,37,12,Friday,0
2025-09-13,20250913,2025,Q3,9,September,Sep,2025-09,202509,37,13,Saturday,0
2025-09-14,20250914,2025,Q3,9,September,Sep,2025-09,202509,37,14,Sunday,0
2025-09-15,20250915,2025,Q3,9,September,Sep,2025-09,202509,38,15,Monday,0
2025-09-16,20250916,2025,Q3,9,September,Sep,2025-09,202509,38,16,Tuesday,0
2025-09-17,20250917,2025,Q3,9,September,Sep,2025-09,202509,38,17,Wednesday,0
2025-09-18,20250918,2025,Q3,9,September,Sep,2025-09,202509,38,18,Thursday,0
2025-09-19,20250919,2025,Q3,9,September,Sep,2025-09,202509,38,19,Friday,0
2025-09-20,20250920,2025,Q3,9,September,Sep,2025-09,202509,38,20,Saturday,0
2025-09-21,20250921,2025,Q3,9,September,Sep,2025-09,202509,38,21,Sunday,0
2025-09-22,20250922,2025,Q3,9,September,Sep,2025-09,202509,39,22,Monday,0
2025-09-23,20250923,2025,Q3,9,September,Sep,2025-09,202509,39,23,Tuesday,0
2025-09-24,20250924,2025,Q3,9,September,Sep,2025-09,202509,39,24,Wednesday,0
2025-09-25,20250925,2025,Q3,9,September,Sep,2025-09,202509,39,25,Thursday,0
2025-09-26,20250926,2025,Q3,9,September,Sep,2025-09,202509,39,26,Friday,0
2025-09-27,20250927,2025,Q3,9,September,Sep,2025-09,202509,39,27,Saturday,0
2025-09-28,20250928,2025,Q3,9,September,Sep,2025-09,202509,39,28,Sunday,0
2025-09-29,20250929,2025,Q3,9,September,Sep,2025-09,202509,40,29,Monday,0
2025-09-30,20250930,2025,Q3,9,September,Sep,2025-09,202509,40,30,Tuesday,1
2025-10-01,20251001,2025,Q4,10,October,Oct,2025-10,202510,40,1,Wednesday,0
2025-10-02,20251002,2025,Q4,10,October,Oct,2025-10,202510,40,2,Thursday,0
2025-10-03,20251003,2025,Q4,10,October,Oct,2025-10,202510,40,3,Friday,0
2025-10-04,20251004,2025,Q4,10,October,Oct,2025-10,202510,40,4,Saturday,0
2025-10-05,20251005,2025,Q4,10,October,Oct,2025-10,202510,40,5,Sunday,0
2025-10-06,20251006,2025,Q4,10,October,Oct,2025-10,202510,41,6,Monday,0
2025-10-07,20251007,2025,Q4,10,October,Oct,2025-10,202510,41,7,Tuesday,0
2025-10-08,20251008,2025,Q4,10,October,Oct,2025-10,202510,41,8,Wednesday,0
2025-10-09,20251009,2025,Q4,10,October,Oct,2025-10,202510,41,9,Thursday,0
2025-10-10,20251010,2025,Q4,10,October,Oct,2025-10,202510,41,10,Friday,0
2025-10-11,20251011,2025,Q4,10,October,Oct,2025-10,202510,41,11,Saturday,0
2025-10-12,20251012,2025,Q4,10,October,Oct,2025-10,202510,41,12,Sunday,0
2025-10-13,20251013,2025,Q4,10,October,Oct,2025-10,202510,42,13,Monday,0
2025-10-14,20251014,2025,Q4,10,October,Oct,2025-10,202510,42,14,Tuesday,0
2025-10-15,20251015,2025,Q4,10,October,Oct,2025-10,202510,42,15,Wednesday,0
2025-10-16,20251016,2025,Q4,10,October,Oct,2025-10,202510,42,16,Thursday,0
2025-10-17,20251017,2025,Q4,10,October,Oct,2025-10,202510,42,17,Friday,0
2025-10-18,20251018,2025,Q4,10,October,Oct,2025-10,202510,42,18,Saturday,0
2025-10-19,20251019,2025,Q4,10,October,Oct,2025-10,202510,42,19,Sunday,0
2025-10-20,20251020,2025,Q4,10,October,Oct,2025-10,202510,43,20,Monday,0
2025-10-21,20251021,2025,Q4,10,October,Oct,2025-10,202510,43,21,Tuesday,0
2025-10-22,20251022,2025,Q4,10,October,Oct,2025-10,202510,43,22,Wednesday,0
2025-10-23,20251023,2025,Q4,10,October,Oct,2025-10,202510,43,23,Thursday,0
2025-10-24,20251024,2025,Q4,10,October,Oct,2025-10,202510,43,24,Friday,0
2025-10-25,20251025,2025,Q4,10,October,Oct,2025-10,202510,43,25,Saturday,0
2025-10-26,20251026,2025,Q4,10,October,Oct,2025-10,202510,43,26,Sunday,0
2025-10-27,20251027,2025,Q4,10,October,Oct,2025-10,202510,44,27,Monday,0
2025-10-28,20251028,2025,Q4,10,October,Oct,2025-10,202510,44,28,Tuesday,0
2025-10-29,20251029,2025,Q4,10,October,Oct,2025-10,202510,44,29,Wednesday,0
2025-10-30,20251030,2025,Q4,10,October,Oct,2025-10,202510,44,30,Thursday,0
2025-10-31,20251031,2025,Q4,10,October,Oct,2025-10,202510,44,31,Friday,1
2025-11-01,20251101,2025,Q4,11,November,Nov,2025-11,202511,44,1,Saturday,0
2025-11-02,20251102,2025,Q4,11,November,Nov,2025-11,202511,44,2,Sunday,0
2025-11-03,20251103,2025,Q4,11,November,Nov,2025-11,202511,45,3,Monday,0
2025-11-04,20251104,2025,Q4,11,November,Nov,2025-11,202511,45,4,Tuesday,0
2025-11-05,20251105,2025,Q4,11,November,Nov,2025-11,202511,45,5,Wednesday,0
2025-11-06,20251106,2025,Q4,11,November,Nov,2025-11,202511,45,6,Thursday,0
2025-11-07,20251107,2025,Q4,11,November,Nov,2025-11,202511,45,7,Friday,0
2025-11-08,20251108,2025,Q4,11,November,Nov,2025-11,202511,45,8,Saturday,0
2025-11-09,20251109,2025,Q4,11,November,Nov,2025-11,202511,45,9,Sunday,0
2025-11-10,20251110,2025,Q4,11,November,Nov,2025-11,202511,46,10,Monday,0
2025-11-11,20251111,2025,Q4,11,November,Nov,2025-11,202511,46,11,Tuesday,0
2025-11-12,20251112,2025,Q4,11,November,Nov,2025-11,202511,46,12,Wednesday,0
2025-11-13,20251113,2025,Q4,11,November,Nov,2025-11,202511,46,13,Thursday,0
2025-11-14,20251114,2025,Q4,11,November,Nov,2025-11,202511,46,14,Friday,0
2025-11-15,20251115,2025,Q4,11,November,Nov,2025-11,202511,46,15,Saturday,0
2025-11-16,20251116,2025,Q4,11,November,Nov,2025-11,202511,46,16,Sunday,0
2025-11-17,20251117,2025,Q4,11,November,Nov,2025-11,202511,47,17,Monday,0
2025-11-18,20251118,2025,Q4,11,November,Nov,2025-11,202511,47,18,Tuesday,0
2025-11-19,20251119,2025,Q4,11,November,Nov,2025-11,202511,47,19,Wednesday,0
2025-11-20,20251120,2025,Q4,11,November,Nov,2025-11,202511,47,20,Thursday,0
2025-11-21,20251121,2025,Q4,11,November,Nov,2025-11,202511,47,21,Friday,0
2025-11-22,20251122,2025,Q4,11,November,Nov,2025-11,202511,47,22,Saturday,0
2025-11-23,20251123,2025,Q4,11,November,Nov,2025-11,202511,47,23,Sunday,0
2025-11-24,20251124,2025,Q4,11,November,Nov,2025-11,202511,48,24,Monday,0
2025-11-25,20251125,2025,Q4,11,November,Nov,2025-11,202511,48,25,Tuesday,0
2025-11-26,20251126,2025,Q4,11,November,Nov,2025-11,202511,48,26,Wednesday,0
2025-11-27,20251127,2025,Q4,11,November,Nov,2025-11,202511,48,27,Thursday,0
2025-11-28,20251128,2025,Q4,11,November,Nov,2025-11,202511,48,28,Friday,0
2025-11-29,20251129,2025,Q4,11,November,Nov,2025-11,202511,48,29,Saturday,0
2025-11-30,20251130,2025,Q4,11,November,Nov,2025-11,202511,48,30,Sunday,1
2025-12-01,20251201,2025,Q4,12,December,Dec,2025-12,202512,49,1,Monday,0
2025-12-02,20251202,2025,Q4,12,December,Dec,2025-12,202512,49,2,Tuesday,0
2025-12-03,20251203,2025,Q4,12,December,Dec,2025-12,202512,49,3,Wednesday,0
2025-12-04,20251204,2025,Q4,12,December,Dec,2025-12,202512,49,4,Thursday,0
2025-12-05,20251205,2025,Q4,12,December,Dec,2025-12,202512,49,5,Friday,0
2025-12-06,20251206,2025,Q4,12,December,Dec,2025-12,202512,49,6,Saturday,0
2025-12-07,20251207,2025,Q4,12,December,Dec,2025-12,202512,49,7,Sunday,0
2025-12-08,20251208,2025,Q4,12,December,Dec,2025-12,202512,50,8,Monday,0
2025-12-09,20251209,2025,Q4,12,December,Dec,2025-12,202512,50,9,Tuesday,0
2025-12-10,20251210,2025,Q4,12,December,Dec,2025-12,202512,50,10,Wednesday,0
2025-12-11,20251211,2025,Q4,12,December,Dec,2025-12,202512,50,11,Thursday,0
2025-12-12,20251212,2025,Q4,12,December,Dec,2025-12,202512,50,12,Friday,0
2025-12-13,20251213,2025,Q4,12,December,Dec,2025-12,202512,50,13,Saturday,0
2025-12-14,20251214,2025,Q4,12,December,Dec,2025-12,202512,50,14,Sunday,0
2025-12-15,20251215,2025,Q4,12,December,Dec,2025-12,202512,51,15,Monday,0
2025-12-16,20251216,2025,Q4,12,December,Dec,2025-12,202512,51,16,Tuesday,0
2025-12-17,20251217,2025,Q4,12,December,Dec,2025-12,202512,51,17,Wednesday,0
2025-12-18,20251218,2025,Q4,12,December,Dec,2025-12,202512,51,18,Thursday,0
2025-12-19,20251219,2025,Q4,12,December,Dec,2025-12,202512,51,19,Friday,0
2025-12-20,20251220,2025,Q4,12,December,Dec,2025-12,202512,51,20,Saturday,0
2025-12-21,20251221,2025,Q4,12,December,Dec,2025-12,202512,51,21,Sunday,0
2025-12-22,20251222,2025,Q4,12,December,Dec,2025-12,202512,52,22,Monday,0
2025-12-23,20251223,2025,Q4,12,December,Dec,2025-12,202512,52,23,Tuesday,0
2025-12-24,20251224,2025,Q4,12,December,Dec,2025-12,202512,52,24,Wednesday,0
2025-12-25,20251225,2025,Q4,12,December,Dec,2025-12,202512,52,25,Thursday,0
2025-12-26,20251226,2025,Q4,12,December,Dec,2025-12,202512,52,26,Friday,0
2025-12-27,20251227,2025,Q4,12,December,Dec,2025-12,202512,52,27,Saturday,0
2025-12-28,20251228,2025,Q4,12,December,Dec,2025-12,202512,52,28,Sunday,0
2025-12-29,20251229,2025,Q4,12,December,Dec,2025-12,202512,1,29,Monday,0
2025-12-30,20251230,2025,Q4,12,December,Dec,2025-12,202512,1,30,Tuesday,0
2025-12-31,20251231,2025,Q4,12,December,Dec,2025-12,202512,1,31,Wednesday,1
2026-01-01,20260101,2026,Q1,1,January,Jan,2026-01,202601,1,1,Thursday,0
2026-01-02,20260102,2026,Q1,1,January,Jan,2026-01,202601,1,2,Friday,0
2026-01-03,20260103,2026,Q1,1,January,Jan,2026-01,202601,1,3,Saturday,0
2026-01-04,20260104,2026,Q1,1,January,Jan,2026-01,202601,1,4,Sunday,0
2026-01-05,20260105,2026,Q1,1,January,Jan,2026-01,202601,2,5,Monday,0
2026-01-06,20260106,2026,Q1,1,January,Jan,2026-01,202601,2,6,Tuesday,0
2026-01-07,20260107,2026,Q1,1,January,Jan,2026-01,202601,2,7,Wednesday,0
2026-01-08,20260108,2026,Q1,1,January,Jan,2026-01,202601,2,8,Thursday,0
2026-01-09,20260109,2026,Q1,1,January,Jan,2026-01,202601,2,9,Friday,0
2026-01-10,20260110,2026,Q1,1,January,Jan,2026-01,202601,2,10,Saturday,0
2026-01-11,20260111,2026,Q1,1,January,Jan,2026-01,202601,2,11,Sunday,0
2026-01-12,20260112,2026,Q1,1,January,Jan,2026-01,202601,3,12,Monday,0
2026-01-13,20260113,2026,Q1,1,January,Jan,2026-01,202601,3,13,Tuesday,0
2026-01-14,20260114,2026,Q1,1,January,Jan,2026-01,202601,3,14,Wednesday,0
2026-01-15,20260115,2026,Q1,1,January,Jan,2026-01,202601,3,15,Thursday,0
2026-01-16,20260116,2026,Q1,1,January,Jan,2026-01,202601,3,16,Friday,0
2026-01-17,20260117,2026,Q1,1,January,Jan,2026-01,202601,3,17,Saturday,0
2026-01-18,20260118,2026,Q1,1,January,Jan,2026-01,202601,3,18,Sunday,0
2026-01-19,20260119,2026,Q1,1,January,Jan,2026-01,202601,4,19,Monday,0
2026-01-20,20260120,2026,Q1,1,January,Jan,2026-01,202601,4,20,Tuesday,0
2026-01-21,20260121,2026,Q1,1,January,Jan,2026-01,202601,4,21,Wednesday,0
2026-01-22,20260122,2026,Q1,1,January,Jan,2026-01,202601,4,22,Thursday,0
2026-01-23,20260123,2026,Q1,1,January,Jan,2026-01,202601,4,23,Friday,0
2026-01-24,20260124,2026,Q1,1,January,Jan,2026-01,202601,4,24,Saturday,0
2026-01-25,20260125,2026,Q1,1,January,Jan,2026-01,202601,4,25,Sunday,0
2026-01-26,20260126,2026,Q1,1,January,Jan,2026-01,202601,5,26,Monday,0
2026-01-27,20260127,2026,Q1,1,January,Jan,2026-01,202601,5,27,Tuesday,0
2026-01-28,20260128,2026,Q1,1,January,Jan,2026-01,202601,5,28,Wednesday,0
2026-01-29,20260129,2026,Q1,1,January,Jan,2026-01,202601,5,29,Thursday,0
2026-01-30,20260130,2026,Q1,1,January,Jan,2026-01,202601,5,30,Friday,0
2026-01-31,20260131,2026,Q1,1,January,Jan,2026-01,202601,5,31,Saturday,1
2026-02-01,20260201,2026,Q1,2,February,Feb,2026-02,202602,5,1,Sunday,0
2026-02-02,20260202,2026,Q1,2,February,Feb,2026-02,202602,6,2,Monday,0
2026-02-03,20260203,2026,Q1,2,February,Feb,2026-02,202602,6,3,Tuesday,0
2026-02-04,20260204,2026,Q1,2,February,Feb,2026-02,202602,6,4,Wednesday,0
2026-02-05,20260205,2026,Q1,2,February,Feb,2026-02,202602,6,5,Thursday,0
2026-02-06,20260206,2026,Q1,2,February,Feb,2026-02,202602,6,6,Friday,0
2026-02-07,20260207,2026,Q1,2,February,Feb,2026-02,202602,6,7,Saturday,0
2026-02-08,20260208,2026,Q1,2,February,Feb,2026-02,202602,6,8,Sunday,0
2026-02-09,20260209,2026,Q1,2,February,Feb,2026-02,202602,7,9,Monday,0
2026-02-10,20260210,2026,Q1,2,February,Feb,2026-02,202602,7,10,Tuesday,0
2026-02-11,20260211,2026,Q1,2,February,Feb,2026-02,202602,7,11,Wednesday,0
2026-02-12,20260212,2026,Q1,2,February,Feb,2026-02,202602,7,12,Thursday,0
2026-02-13,20260213,2026,Q1,2,February,Feb,2026-02,202602,7,13,Friday,0
2026-02-14,20260214,2026,Q1,2,February,Feb,2026-02,202602,7,14,Saturday,0
2026-02-15,20260215,2026,Q1,2,February,Feb,2026-02,202602,7,15,Sunday,0
2026-02-16,20260216,2026,Q1,2,February,Feb,2026-02,202602,8,16,Monday,0
2026-02-17,20260217,2026,Q1,2,February,Feb,2026-02,202602,8,17,Tuesday,0
2026-02-18,20260218,2026,Q1,2,February,Feb,2026-02,202602,8,18,Wednesday,0
2026-02-19,20260219,2026,Q1,2,February,Feb,2026-02,202602,8,19,Thursday,0
2026-02-20,20260220,2026,Q1,2,February,Feb,2026-02,202602,8,20,Friday,0
2026-02-21,20260221,2026,Q1,2,February,Feb,2026-02,202602,8,21,Saturday,0
2026-02-22,20260222,2026,Q1,2,February,Feb,2026-02,202602,8,22,Sunday,0
2026-02-23,20260223,2026,Q1,2,February,Feb,2026-02,202602,9,23,Monday,0
2026-02-24,20260224,2026,Q1,2,February,Feb,2026-02,202602,9,24,Tuesday,0
2026-02-25,20260225,2026,Q1,2,February,Feb,2026-02,202602,9,25,Wednesday,0
2026-02-26,20260226,2026,Q1,2,February,Feb,2026-02,202602,9,26,Thursday,0
2026-02-27,20260227,2026,Q1,2,February,Feb,2026-02,202602,9,27,Friday,0
2026-02-28,20260228,2026,Q1,2,February,Feb,2026-02,202602,9,28,Saturday,1
2026-03-01,20260301,2026,Q1,3,March,Mar,2026-03,202603,9,1,Sunday,0
2026-03-02,20260302,2026,Q1,3,March,Mar,2026-03,202603,10,2,Monday,0
2026-03-03,20260303,2026,Q1,3,March,Mar,2026-03,202603,10,3,Tuesday,0
2026-03-04,20260304,2026,Q1,3,March,Mar,2026-03,202603,10,4,Wednesday,0
2026-03-05,20260305,2026,Q1,3,March,Mar,2026-03,202603,10,5,Thursday,0
2026-03-06,20260306,2026,Q1,3,March,Mar,2026-03,202603,10,6,Friday,0
2026-03-07,20260307,2026,Q1,3,March,Mar,2026-03,202603,10,7,Saturday,0
2026-03-08,20260308,2026,Q1,3,March,Mar,2026-03,202603,10,8,Sunday,0
2026-03-09,20260309,2026,Q1,3,March,Mar,2026-03,202603,11,9,Monday,0
2026-03-10,20260310,2026,Q1,3,March,Mar,2026-03,202603,11,10,Tuesday,0
2026-03-11,20260311,2026,Q1,3,March,Mar,2026-03,202603,11,11,Wednesday,0
2026-03-12,20260312,2026,Q1,3,March,Mar,2026-03,202603,11,12,Thursday,0
2026-03-13,20260313,2026,Q1,3,March,Mar,2026-03,202603,11,13,Friday,0
2026-03-14,20260314,2026,Q1,3,March,Mar,2026-03,202603,11,14,Saturday,0
2026-03-15,20260315,2026,Q1,3,March,Mar,2026-03,202603,11,15,Sunday,0
2026-03-16,20260316,2026,Q1,3,March,Mar,2026-03,202603,12,16,Monday,0
2026-03-17,20260317,2026,Q1,3,March,Mar,2026-03,202603,12,17,Tuesday,0
2026-03-18,20260318,2026,Q1,3,March,Mar,2026-03,202603,12,18,Wednesday,0
2026-03-19,20260319,2026,Q1,3,March,Mar,2026-03,202603,12,19,Thursday,0
2026-03-20,20260320,2026,Q1,3,March,Mar,2026-03,202603,12,20,Friday,0
2026-03-21,20260321,2026,Q1,3,March,Mar,2026-03,202603,12,21,Saturday,0
2026-03-22,20260322,2026,Q1,3,March,Mar,2026-03,202603,12,22,Sunday,0
2026-03-23,20260323,2026,Q1,3,March,Mar,2026-03,202603,13,23,Monday,0
2026-03-24,20260324,2026,Q1,3,March,Mar,2026-03,202603,13,24,Tuesday,0
2026-03-25,20260325,2026,Q1,3,March,Mar,2026-03,202603,13,25,Wednesday,0
2026-03-26,20260326,2026,Q1,3,March,Mar,2026-03,202603,13,26,Thursday,0
2026-03-27,20260327,2026,Q1,3,March,Mar,2026-03,202603,13,27,Friday,0
2026-03-28,20260328,2026,Q1,3,March,Mar,2026-03,202603,13,28,Saturday,0
2026-03-29,20260329,2026,Q1,3,March,Mar,2026-03,202603,13,29,Sunday,0
2026-03-30,20260330,2026,Q1,3,March,Mar,2026-03,202603,14,30,Monday,0
2026-03-31,20260331,2026,Q1,3,March,Mar,2026-03,202603,14,31,Tuesday,1
2026-04-01,20260401,2026,Q2,4,April,Apr,2026-04,202604,14,1,Wednesday,0
2026-04-02,20260402,2026,Q2,4,April,Apr,2026-04,202604,14,2,Thursday,0
2026-04-03,20260403,2026,Q2,4,April,Apr,2026-04,202604,14,3,Friday,0
2026-04-04,20260404,2026,Q2,4,April,Apr,2026-04,202604,14,4,Saturday,0
2026-04-05,20260405,2026,Q2,4,April,Apr,2026-04,202604,14,5,Sunday,0
2026-04-06,20260406,2026,Q2,4,April,Apr,2026-04,202604,15,6,Monday,0
2026-04-07,20260407,2026,Q2,4,April,Apr,2026-04,202604,15,7,Tuesday,0
2026-04-08,20260408,2026,Q2,4,April,Apr,2026-04,202604,15,8,Wednesday,0
2026-04-09,20260409,2026,Q2,4,April,Apr,2026-04,202604,15,9,Thursday,0
2026-04-10,20260410,2026,Q2,4,April,Apr,2026-04,202604,15,10,Friday,0
2026-04-11,20260411,2026,Q2,4,April,Apr,2026-04,202604,15,11,Saturday,0
2026-04-12,20260412,2026,Q2,4,April,Apr,2026-04,202604,15,12,Sunday,0
2026-04-13,20260413,2026,Q2,4,April,Apr,2026-04,202604,16,13,Monday,0
2026-04-14,20260414,2026,Q2,4,April,Apr,2026-04,202604,16,14,Tuesday,0
2026-04-15,20260415,2026,Q2,4,April,Apr,2026-04,202604,16,15,Wednesday,0
2026-04-16,20260416,2026,Q2,4,April,Apr,2026-04,202604,16,16,Thursday,0
2026-04-17,20260417,2026,Q2,4,April,Apr,2026-04,202604,16,17,Friday,0
2026-04-18,20260418,2026,Q2,4,April,Apr,2026-04,202604,16,18,Saturday,0
2026-04-19,20260419,2026,Q2,4,April,Apr,2026-04,202604,16,19,Sunday,0
2026-04-20,20260420,2026,Q2,4,April,Apr,2026-04,202604,17,20,Monday,0
2026-04-21,20260421,2026,Q2,4,April,Apr,2026-04,202604,17,21,Tuesday,0
2026-04-22,20260422,2026,Q2,4,April,Apr,2026-04,202604,17,22,Wednesday,0
2026-04-23,20260423,2026,Q2,4,April,Apr,2026-04,202604,17,23,Thursday,0
2026-04-24,20260424,2026,Q2,4,April,Apr,2026-04,202604,17,24,Friday,0
2026-04-25,20260425,2026,Q2,4,April,Apr,2026-04,202604,17,25,Saturday,0
2026-04-26,20260426,2026,Q2,4,April,Apr,2026-04,202604,17,26,Sunday,0
2026-04-27,20260427,2026,Q2,4,April,Apr,2026-04,202604,18,27,Monday,0
2026-04-28,20260428,2026,Q2,4,April,Apr,2026-04,202604,18,28,Tuesday,0
2026-04-29,20260429,2026,Q2,4,April,Apr,2026-04,202604,18,29,Wednesday,0
2026-04-30,20260430,2026,Q2,4,April,Apr,2026-04,202604,18,30,Thursday,1
2026-05-01,20260501,2026,Q2,5,May,May,2026-05,202605,18,1,Friday,0
2026-05-02,20260502,2026,Q2,5,May,May,2026-05,202605,18,2,Saturday,0
2026-05-03,20260503,2026,Q2,5,May,May,2026-05,202605,18,3,Sunday,0
2026-05-04,20260504,2026,Q2,5,May,May,2026-05,202605,19,4,Monday,0
2026-05-05,20260505,2026,Q2,5,May,May,2026-05,202605,19,5,Tuesday,0
2026-05-06,20260506,2026,Q2,5,May,May,2026-05,202605,19,6,Wednesday,0
2026-05-07,20260507,2026,Q2,5,May,May,2026-05,202605,19,7,Thursday,0
2026-05-08,20260508,2026,Q2,5,May,May,2026-05,202605,19,8,Friday,0
2026-05-09,20260509,2026,Q2,5,May,May,2026-05,202605,19,9,Saturday,0
2026-05-10,20260510,2026,Q2,5,May,May,2026-05,202605,19,10,Sunday,0
2026-05-11,20260511,2026,Q2,5,May,May,2026-05,202605,20,11,Monday,0
2026-05-12,20260512,2026,Q2,5,May,May,2026-05,202605,20,12,Tuesday,0
2026-05-13,20260513,2026,Q2,5,May,May,2026-05,202605,20,13,Wednesday,0
2026-05-14,20260514,2026,Q2,5,May,May,2026-05,202605,20,14,Thursday,0
2026-05-15,20260515,2026,Q2,5,May,May,2026-05,202605,20,15,Friday,0
2026-05-16,20260516,2026,Q2,5,May,May,2026-05,202605,20,16,Saturday,0
2026-05-17,20260517,2026,Q2,5,May,May,2026-05,202605,20,17,Sunday,0
2026-05-18,20260518,2026,Q2,5,May,May,2026-05,202605,21,18,Monday,0
2026-05-19,20260519,2026,Q2,5,May,May,2026-05,202605,21,19,Tuesday,0
2026-05-20,20260520,2026,Q2,5,May,May,2026-05,202605,21,20,Wednesday,0
2026-05-21,20260521,2026,Q2,5,May,May,2026-05,202605,21,21,Thursday,0
2026-05-22,20260522,2026,Q2,5,May,May,2026-05,202605,21,22,Friday,0
2026-05-23,20260523,2026,Q2,5,May,May,2026-05,202605,21,23,Saturday,0
2026-05-24,20260524,2026,Q2,5,May,May,2026-05,202605,21,24,Sunday,0
2026-05-25,20260525,2026,Q2,5,May,May,2026-05,202605,22,25,Monday,0
2026-05-26,20260526,2026,Q2,5,May,May,2026-05,202605,22,26,Tuesday,0
2026-05-27,20260527,2026,Q2,5,May,May,2026-05,202605,22,27,Wednesday,0
2026-05-28,20260528,2026,Q2,5,May,May,2026-05,202605,22,28,Thursday,0
2026-05-29,20260529,2026,Q2,5,May,May,2026-05,202605,22,29,Friday,0
2026-05-30,20260530,2026,Q2,5,May,May,2026-05,202605,22,30,Saturday,0
2026-05-31,20260531,2026,Q2,5,May,May,2026-05,202605,22,31,Sunday,1
2026-06-01,20260601,2026,Q2,6,June,Jun,2026-06,202606,23,1,Monday,0
2026-06-02,20260602,2026,Q2,6,June,Jun,2026-06,202606,23,2,Tuesday,0
2026-06-03,20260603,2026,Q2,6,June,Jun,2026-06,202606,23,3,Wednesday,0
2026-06-04,20260604,2026,Q2,6,June,Jun,2026-06,202606,23,4,Thursday,0
2026-06-05,20260605,2026,Q2,6,June,Jun,2026-06,202606,23,5,Friday,0
2026-06-06,20260606,2026,Q2,6,June,Jun,2026-06,202606,23,6,Saturday,0
2026-06-07,20260607,2026,Q2,6,June,Jun,2026-06,202606,23,7,Sunday,0
2026-06-08,20260608,2026,Q2,6,June,Jun,2026-06,202606,24,8,Monday,0
2026-06-09,20260609,2026,Q2,6,June,Jun,2026-06,202606,24,9,Tuesday,0
2026-06-10,20260610,2026,Q2,6,June,Jun,2026-06,202606,24,10,Wednesday,0
2026-06-11,20260611,2026,Q2,6,June,Jun,2026-06,202606,24,11,Thursday,0
2026-06-12,20260612,2026,Q2,6,June,Jun,2026-06,202606,24,12,Friday,0
2026-06-13,20260613,2026,Q2,6,June,Jun,2026-06,202606,24,13,Saturday,0
2026-06-14,20260614,2026,Q2,6,June,Jun,2026-06,202606,24,14,Sunday,0
2026-06-15,20260615,2026,Q2,6,June,Jun,2026-06,202606,25,15,Monday,0
2026-06-16,20260616,2026,Q2,6,June,Jun,2026-06,202606,25,16,Tuesday,0
2026-06-17,20260617,2026,Q2,6,June,Jun,2026-06,202606,25,17,Wednesday,0
2026-06-18,20260618,2026,Q2,6,June,Jun,2026-06,202606,25,18,Thursday,0
2026-06-19,20260619,2026,Q2,6,June,Jun,2026-06,202606,25,19,Friday,0
2026-06-20,20260620,2026,Q2,6,June,Jun,2026-06,202606,25,20,Saturday,0
2026-06-21,20260621,2026,Q2,6,June,Jun,2026-06,202606,25,21,Sunday,0
2026-06-22,20260622,2026,Q2,6,June,Jun,2026-06,202606,26,22,Monday,0
2026-06-23,20260623,2026,Q2,6,June,Jun,2026-06,202606,26,23,Tuesday,0
2026-06-24,20260624,2026,Q2,6,June,Jun,2026-06,202606,26,24,Wednesday,0
2026-06-25,20260625,2026,Q2,6,June,Jun,2026-06,202606,26,25,Thursday,0
2026-06-26,20260626,2026,Q2,6,June,Jun,2026-06,202606,26,26,Friday,0
2026-06-27,20260627,2026,Q2,6,June,Jun,2026-06,202606,26,27,Saturday,0
2026-06-28,20260628,2026,Q2,6,June,Jun,2026-06,202606,26,28,Sunday,0
2026-06-29,20260629,2026,Q2,6,June,Jun,2026-06,202606,27,29,Monday,0
2026-06-30,20260630,2026,Q2,6,June,Jun,2026-06,202606,27,30,Tuesday,1
2026-07-01,20260701,2026,Q3,7,July,Jul,2026-07,202607,27,1,Wednesday,0
2026-07-02,20260702,2026,Q3,7,July,Jul,2026-07,202607,27,2,Thursday,0
2026-07-03,20260703,2026,Q3,7,July,Jul,2026-07,202607,27,3,Friday,0
2026-07-04,20260704,2026,Q3,7,July,Jul,2026-07,202607,27,4,Saturday,0
2026-07-05,20260705,2026,Q3,7,July,Jul,2026-07,202607,27,5,Sunday,0
2026-07-06,20260706,2026,Q3,7,July,Jul,2026-07,202607,28,6,Monday,0
2026-07-07,20260707,2026,Q3,7,July,Jul,2026-07,202607,28,7,Tuesday,0
2026-07-08,20260708,2026,Q3,7,July,Jul,2026-07,202607,28,8,Wednesday,0
2026-07-09,20260709,2026,Q3,7,July,Jul,2026-07,202607,28,9,Thursday,0
2026-07-10,20260710,2026,Q3,7,July,Jul,2026-07,202607,28,10,Friday,0
2026-07-11,20260711,2026,Q3,7,July,Jul,2026-07,202607,28,11,Saturday,0
2026-07-12,20260712,2026,Q3,7,July,Jul,2026-07,202607,28,12,Sunday,0
2026-07-13,20260713,2026,Q3,7,July,Jul,2026-07,202607,29,13,Monday,0
2026-07-14,20260714,2026,Q3,7,July,Jul,2026-07,202607,29,14,Tuesday,0
2026-07-15,20260715,2026,Q3,7,July,Jul,2026-07,202607,29,15,Wednesday,0
2026-07-16,20260716,2026,Q3,7,July,Jul,2026-07,202607,29,16,Thursday,0
2026-07-17,20260717,2026,Q3,7,July,Jul,2026-07,202607,29,17,Friday,0
2026-07-18,20260718,2026,Q3,7,July,Jul,2026-07,202607,29,18,Saturday,0
2026-07-19,20260719,2026,Q3,7,July,Jul,2026-07,202607,29,19,Sunday,0
2026-07-20,20260720,2026,Q3,7,July,Jul,2026-07,202607,30,20,Monday,0
2026-07-21,20260721,2026,Q3,7,July,Jul,2026-07,202607,30,21,Tuesday,0
2026-07-22,20260722,2026,Q3,7,July,Jul,2026-07,202607,30,22,Wednesday,0
2026-07-23,20260723,2026,Q3,7,July,Jul,2026-07,202607,30,23,Thursday,0
2026-07-24,20260724,2026,Q3,7,July,Jul,2026-07,202607,30,24,Friday,0
2026-07-25,20260725,2026,Q3,7,July,Jul,2026-07,202607,30,25,Saturday,0
2026-07-26,20260726,2026,Q3,7,July,Jul,2026-07,202607,30,26,Sunday,0
2026-07-27,20260727,2026,Q3,7,July,Jul,2026-07,202607,31,27,Monday,0
2026-07-28,20260728,2026,Q3,7,July,Jul,2026-07,202607,31,28,Tuesday,0
2026-07-29,20260729,2026,Q3,7,July,Jul,2026-07,202607,31,29,Wednesday,0
2026-07-30,20260730,2026,Q3,7,July,Jul,2026-07,202607,31,30,Thursday,0
2026-07-31,20260731,2026,Q3,7,July,Jul,2026-07,202607,31,31,Friday,1
2026-08-01,20260801,2026,Q3,8,August,Aug,2026-08,202608,31,1,Saturday,0
2026-08-02,20260802,2026,Q3,8,August,Aug,2026-08,202608,31,2,Sunday,0
2026-08-03,20260803,2026,Q3,8,August,Aug,2026-08,202608,32,3,Monday,0
2026-08-04,20260804,2026,Q3,8,August,Aug,2026-08,202608,32,4,Tuesday,0
2026-08-05,20260805,2026,Q3,8,August,Aug,2026-08,202608,32,5,Wednesday,0
2026-08-06,20260806,2026,Q3,8,August,Aug,2026-08,202608,32,6,Thursday,0
2026-08-07,20260807,2026,Q3,8,August,Aug,2026-08,202608,32,7,Friday,0
2026-08-08,20260808,2026,Q3,8,August,Aug,2026-08,202608,32,8,Saturday,0
2026-08-09,20260809,2026,Q3,8,August,Aug,2026-08,202608,32,9,Sunday,0
2026-08-10,20260810,2026,Q3,8,August,Aug,2026-08,202608,33,10,Monday,0
2026-08-11,20260811,2026,Q3,8,August,Aug,2026-08,202608,33,11,Tuesday,0
2026-08-12,20260812,2026,Q3,8,August,Aug,2026-08,202608,33,12,Wednesday,0
2026-08-13,20260813,2026,Q3,8,August,Aug,2026-08,202608,33,13,Thursday,0
2026-08-14,20260814,2026,Q3,8,August,Aug,2026-08,202608,33,14,Friday,0
2026-08-15,20260815,2026,Q3,8,August,Aug,2026-08,202608,33,15,Saturday,0
2026-08-16,20260816,2026,Q3,8,August,Aug,2026-08,202608,33,16,Sunday,0
2026-08-17,20260817,2026,Q3,8,August,Aug,2026-08,202608,34,17,Monday,0
2026-08-18,20260818,2026,Q3,8,August,Aug,2026-08,202608,34,18,Tuesday,0
2026-08-19,20260819,2026,Q3,8,August,Aug,2026-08,202608,34,19,Wednesday,0
2026-08-20,20260820,2026,Q3,8,August,Aug,2026-08,202608,34,20,Thursday,0
2026-08-21,20260821,2026,Q3,8,August,Aug,2026-08,202608,34,21,Friday,0
2026-08-22,20260822,2026,Q3,8,August,Aug,2026-08,202608,34,22,Saturday,0
2026-08-23,20260823,2026,Q3,8,August,Aug,2026-08,202608,34,23,Sunday,0
2026-08-24,20260824,2026,Q3,8,August,Aug,2026-08,202608,35,24,Monday,0
2026-08-25,20260825,2026,Q3,8,August,Aug,2026-08,202608,35,25,Tuesday,0
2026-08-26,20260826,2026,Q3,8,August,Aug,2026-08,202608,35,26,Wednesday,0
2026-08-27,20260827,2026,Q3,8,August,Aug,2026-08,202608,35,27,Thursday,0
2026-08-28,20260828,2026,Q3,8,August,Aug,2026-08,202608,35,28,Friday,0
2026-08-29,20260829,2026,Q3,8,August,Aug,2026-08,202608,35,29,Saturday,0
2026-08-30,20260830,2026,Q3,8,August,Aug,2026-08,202608,35,30,Sunday,0
2026-08-31,20260831,2026,Q3,8,August,Aug,2026-08,202608,36,31,Monday,1
